id,firstName,lastName,email,gender,country,dob,petType
1,Dud,Ishak,dishak0@alexa.com,Male,Ukraine,24/06/2012,Dog
2,Jolyn,Bragg,jbragg1@go.com,Genderqueer,United States,18/09/2003,Cat
3,Sallie,Gaw,sgaw2@mit.edu,Female,France,12/05/1994,Cat
4,Belle,De Biasi,bdebiasi3@ucla.edu,Female,Democratic Republic of the Congo,08/04/2001,Cat
5,Bing,Filov,bfilov4@engadget.com,Male,Indonesia,19/10/1992,Cat
6,West,Douberday,wdouberday5@mozilla.org,Male,Brazil,24/05/1990,Cat
7,Marion,Northridge,mnorthridge6@newsvine.com,Female,Dominican Republic,01/04/2020,Cat
8,Hillary,Whittle,hwhittle7@free.fr,Non-binary,China,09/05/1993,Dog
9,Standford,Semour,ssemour8@live.com,Genderqueer,Indonesia,24/10/2010,Dog
10,Babs,Orridge,borridge9@exblog.jp,Female,Netherlands,04/08/1999,Dog
11,Arliene,Dunnett,adunnetta@microsoft.com,Female,China,10/08/1999,Dog
12,Anabal,Bick,abickb@icq.com,Female,Ukraine,20/06/2009,Dog
13,Thelma,Hoodlass,thoodlassc@ucsd.edu,Female,China,16/11/2012,Dog
14,Othello,Sperrett,osperrettd@feedburner.com,Male,France,28/11/1990,Dog
15,Kristal,Herche,kherchee@cbslocal.com,Female,China,12/11/2016,Dog
16,Archibaldo,Goldberg,agoldbergf@ted.com,Male,Brazil,27/04/2012,Dog
17,Traver,Sutheran,tsutherang@wired.com,Male,Bosnia and Herzegovina,30/12/1994,Dog
18,Noelani,Baggally,nbaggallyh@discuz.net,Female,Brazil,22/02/2015,Dog
19,Maye,Peetermann,mpeetermanni@rambler.ru,Female,Bulgaria,19/01/2011,Dog
20,Barbara,Coleyshaw,bcoleyshawj@unc.edu,Agender,Ecuador,13/11/2005,Dog
21,Fania,Rewan,frewank@msu.edu,Female,Tunisia,16/12/2014,Dog
22,Wolfgang,Oakes,woakesl@illinois.edu,Male,Indonesia,23/01/2013,Dog
23,Ade,O' Timony,aotimonym@gov.uk,Male,Brazil,06/08/2011,Dog
24,Cherrita,Dyers,cdyersn@wikimedia.org,Female,China,14/04/2017,Dog
25,Ram,Picknett,rpicknetto@sitemeter.com,Male,Greece,29/08/2016,Turtles
26,Lauree,Welbelove,lwelbelovep@wikipedia.org,Female,Indonesia,02/04/1993,Turtles
27,Christie,Fleischer,cfleischerq@earthlink.net,Male,Iran,15/07/2006,Turtles
28,Winthrop,Hamm,whammr@virginia.edu,Male,Slovenia,16/10/1998,Turtles
29,Cedric,Thring,cthrings@cpanel.net,Male,China,20/07/2000,Turtles
30,Lenci,Skipsey,lskipseyt@oaic.gov.au,Male,China,17/11/2002,Turtles
31,Marna,Breen,mbreenu@gravatar.com,Female,Poland,06/11/2017,Turtles
32,Moss,Doret,mdoretv@flavors.me,Male,Brazil,04/06/1996,Turtles
33,Goldie,Garland,ggarlandw@webeden.co.uk,Female,Brazil,08/02/2018,Turtles
34,Arlena,Armytage,aarmytagex@cocolog-nifty.com,Female,Brazil,23/10/2019,Turtles
35,Ianthe,Hamlen,ihamleny@sakura.ne.jp,Bigender,Greece,08/09/2014,Dog
36,Mame,Kenworth,mkenworthz@gmpg.org,Female,Portugal,10/02/2000,Dog
37,Joletta,O'Keefe,jokeefe10@artisteer.com,Female,Russia,23/02/2002,Dog
38,Demetris,Golby,dgolby11@privacy.gov.au,Female,United States,13/12/1991,Dog
39,Brianna,Benez,bbenez12@ustream.tv,Female,China,10/08/2014,Dog
40,Gratia,Mahedy,gmahedy13@sbwire.com,Female,Philippines,25/10/1994,Dog
41,Allissa,Kensall,akensall14@de.vu,Female,Russia,25/04/2014,Dog
42,Ingaberg,Laba,ilaba15@jalbum.net,Female,Brazil,21/12/1999,Dog
43,Glory,Babalola,gbabalola16@deviantart.com,Bigender,Ukraine,09/10/2007,Dog
44,Yorke,Hemms,yhemms17@phpbb.com,Male,China,03/02/1996,Dog
45,Haskel,Najara,hnajara18@twitpic.com,Male,Sweden,23/07/1998,Dog
46,Lennie,Portress,lportress19@seesaa.net,Male,Finland,07/05/1990,Dog
47,Fabian,Goodoune,fgoodoune1a@yellowbook.com,Male,Marshall Islands,12/05/2010,Dog
48,Valentin,Lambarton,vlambarton1b@ebay.com,Male,Montenegro,21/02/2004,Dog
49,Colas,Abrahamsen,cabrahamsen1c@deviantart.com,Polygender,France,19/02/2018,Dog
50,Christabella,O'Scully,coscully1d@samsung.com,Female,Colombia,20/09/2016,Dog
51,Bennie,Trinke,btrinke1e@hatena.ne.jp,Non-binary,South Africa,06/04/2018,Dog
52,Cristian,Mackleden,cmackleden1f@wufoo.com,Male,Chile,28/10/2018,Dog
53,Rufus,Santello,rsantello1g@trellian.com,Male,China,27/10/2015,Dog
54,Smith,Songust,ssongust1h@prlog.org,Male,Indonesia,06/04/2001,Dog
55,Jeni,Rodger,jrodger1i@cnet.com,Genderqueer,Indonesia,28/07/2017,Turtles
56,Constanta,Comiam,ccomiam1j@who.int,Female,Mauritius,31/03/2009,Turtles
57,Burty,Cutbirth,bcutbirth1k@domainmarket.com,Male,China,30/01/2005,Turtles
58,Keefer,Caddie,kcaddie1l@nsw.gov.au,Male,France,02/03/2000,Turtles
59,Jarib,Ankers,jankers1m@linkedin.com,Male,France,12/04/2000,Turtles
60,Nikita,Rennolds,nrennolds1n@arizona.edu,Male,China,11/11/2014,Turtles
61,Norris,Millson,nmillson1o@bizjournals.com,Male,Ireland,31/07/2014,Turtles
62,Tait,O' Culligan,toculligan1p@biglobe.ne.jp,Male,Russia,14/11/2019,Turtles
63,Mabel,Ferrarone,mferrarone1q@slate.com,Female,China,10/02/1995,Turtles
64,Shepherd,Doud,sdoud1r@uiuc.edu,Male,Nigeria,02/09/2000,Turtles
65,Alvin,Larmour,alarmour1s@hatena.ne.jp,Male,Poland,04/01/2007,Turtles
66,May,Tellwright,mtellwright1t@youtu.be,Female,Greece,19/12/2002,Turtles
67,Bret,Vallens,bvallens1u@tumblr.com,Male,Ireland,10/03/2004,Turtles
68,Gertrudis,Creavan,gcreavan1v@biglobe.ne.jp,Female,Czech Republic,11/10/2014,Turtles
69,Bev,Bolino,bbolino1w@bbb.org,Polygender,France,22/08/2010,Turtles
70,Gilberte,Hedgeman,ghedgeman1x@topsy.com,Female,Russia,30/08/2016,Turtles
71,Alf,Hacquoil,ahacquoil1y@rambler.ru,Male,Russia,25/08/1995,Turtles
72,Clemens,Gallager,cgallager1z@bbc.co.uk,Male,Philippines,27/06/2009,
73,Ezra,Kares,ekares20@unc.edu,Male,China,22/04/1994,
74,Ugo,Coom,ucoom21@symantec.com,Male,Philippines,21/03/2020,
75,Arthur,Ruggiero,aruggiero22@phpbb.com,Male,Azerbaijan,23/02/1999,
76,Rockey,Kindall,rkindall23@elpais.com,Male,Serbia,25/12/1997,
77,Rurik,Farrear,rfarrear24@symantec.com,Male,China,31/12/1990,
78,Nichole,Dillow,ndillow25@techcrunch.com,Male,Russia,01/12/2015,
79,Jorge,Brydie,jbrydie26@people.com.cn,Male,Czech Republic,14/01/2005,
80,Albrecht,Defries,adefries27@noaa.gov,Male,Indonesia,29/06/2014,
81,Murvyn,Longstaff,mlongstaff28@webs.com,Male,China,31/01/2020,
82,Ewan,Crosland,ecrosland29@cloudflare.com,Male,United States,19/09/2021,
83,Jacynth,Weond,jweond2a@google.ru,Female,China,07/12/1990,
84,Genni,Butt Gow,gbuttgow2b@360.cn,Female,South Africa,30/01/2007,
85,Ardelis,Loyley,aloyley2c@free.fr,Female,Russia,10/09/2019,
86,Sholom,Furtado,sfurtado2d@jiathis.com,Male,Portugal,10/09/2015,
87,Hedwig,Linn,hlinn2e@redcross.org,Female,Indonesia,04/08/2012,
88,Rutherford,Blacksell,rblacksell2f@usgs.gov,Male,Thailand,18/11/2020,
89,Rice,Scrinage,rscrinage2g@statcounter.com,Male,Malaysia,28/08/2021,
90,Kerry,Kleynen,kkleynen2h@unicef.org,Male,China,25/10/2002,
91,Deny,Frisel,dfrisel2i@e-recht24.de,Female,Croatia,02/04/1995,
92,Julee,Chaff,jchaff2j@youtu.be,Female,France,01/06/2010,
93,Georgie,Eakly,geakly2k@squidoo.com,Male,China,03/07/2010,
94,Euell,Snoddy,esnoddy2l@blogger.com,Male,Poland,21/11/2010,
95,Daffie,Jarrold,djarrold2m@barnesandnoble.com,Female,Portugal,02/10/2016,
96,Elysia,Frewer,efrewer2n@blinklist.com,Female,Indonesia,03/05/2020,
97,Kimball,Manie,kmanie2o@geocities.jp,Male,Indonesia,19/06/1994,
98,Durand,Perell,dperell2p@unc.edu,Male,United States,14/11/1997,
99,Greta,Haigh,ghaigh2q@vimeo.com,Female,Indonesia,28/11/2018,
100,Oberon,Worswick,oworswick2r@cnet.com,Male,Portugal,17/12/2000,
101,Martin,Ridesdale,mridesdale2s@mit.edu,Male,Indonesia,03/12/2014,
102,Curcio,Pitherick,cpitherick2t@weather.com,Male,Brazil,15/02/1998,
103,Sherwynd,Slimings,sslimings2u@oaic.gov.au,Male,Japan,16/01/2003,
104,Seumas,Suarez,ssuarez2v@nytimes.com,Bigender,China,02/04/2020,
105,Sisile,Louis,slouis2w@mediafire.com,Female,Germany,14/08/1995,
106,Kilian,Pittam,kpittam2x@blogspot.com,Male,China,09/07/2007,
107,Vivyanne,Ashmore,vashmore2y@xinhuanet.com,Female,Indonesia,07/06/2009,
108,Aksel,Hortop,ahortop2z@ifeng.com,Male,Russia,01/05/2011,
109,Birk,Alves,balves30@devhub.com,Male,Poland,08/08/1995,
110,Lauren,Eliesco,leliesco31@foxnews.com,Male,China,06/05/1997,
111,Eugene,Moyles,emoyles32@qq.com,Male,China,06/06/1990,
112,Karoline,Hourston,khourston33@eepurl.com,Female,China,14/11/2017,
113,Stormi,Crowley,scrowley34@pagesperso-orange.fr,Non-binary,Sweden,05/11/2019,
114,Daria,Zielinski,dzielinski35@google.com.au,Female,Sweden,13/09/1990,
115,Selby,Caveney,scaveney36@sourceforge.net,Male,China,03/10/2008,
116,Cooper,Fanthome,cfanthome37@skype.com,Bigender,Lesotho,21/02/2002,
117,Valentijn,O'Hollegan,vohollegan38@shareasale.com,Male,Portugal,24/05/2000,
118,Bobbe,O'Moylane,bomoylane39@flickr.com,Female,Malaysia,18/12/2019,
119,Erinna,Raeside,eraeside3a@vimeo.com,Female,Russia,30/01/2019,
120,Aili,Saiger,asaiger3b@zimbio.com,Female,Azerbaijan,12/10/2003,
121,Chrotoem,de Chastelain,cdechastelain3c@photobucket.com,Male,Azerbaijan,08/03/2001,
122,Adella,MacCall,amaccall3d@soundcloud.com,Female,Peru,26/11/2016,
123,Leroi,Paulucci,lpaulucci3e@elegantthemes.com,Male,Philippines,28/08/2005,
124,Audrie,Barnhill,abarnhill3f@dropbox.com,Female,Peru,11/08/1994,
125,Oswald,Domenget,odomenget3g@hp.com,Male,China,29/06/2015,
126,Hagen,Blackston,hblackston3h@mayoclinic.com,Male,Peru,08/11/2016,
127,Morris,Ducarne,mducarne3i@trellian.com,Male,Russia,28/08/2004,
128,Aarika,Buddle,abuddle3j@indiatimes.com,Female,China,24/01/2005,
129,Carolann,Bramwell,cbramwell3k@nydailynews.com,Female,South Africa,22/04/2000,
130,Marcela,Spencers,mspencers3l@opensource.org,Female,Russia,14/04/1997,
131,Dulcine,Honatsch,dhonatsch3m@youku.com,Female,Indonesia,14/10/1991,
132,Fons,O'Malley,fomalley3n@craigslist.org,Male,Falkland Islands,07/12/2004,
133,Dimitri,Rasor,drasor3o@live.com,Male,Brazil,24/11/2007,
134,Leanna,Burwood,lburwood3p@sakura.ne.jp,Female,Russia,21/10/2010,
135,Frances,Goady,fgoady3q@chron.com,Female,Bolivia,10/05/1998,
136,Chantal,McCane,cmccane3r@t-online.de,Non-binary,Canada,04/09/2017,
137,Lewie,Harness,lharness3s@webs.com,Male,China,07/10/1993,
138,Blinni,Boughey,bboughey3t@soundcloud.com,Female,Iran,12/03/2009,
139,Arluene,Scad,ascad3u@hugedomains.com,Female,Croatia,25/01/2007,
140,Gareth,Shovel,gshovel3v@xrea.com,Male,Canada,13/02/2018,
141,Horacio,Bremmell,hbremmell3w@ibm.com,Male,Russia,01/04/2006,
142,Georgina,Westcot,gwestcot3x@soup.io,Female,Brazil,21/10/1998,
143,Nari,Chevers,nchevers3y@sina.com.cn,Female,Poland,25/05/2004,
144,Ralina,Hankin,rhankin3z@cdbaby.com,Female,Argentina,19/03/1991,
145,Cybill,Lantaff,clantaff40@sphinn.com,Female,China,04/04/2014,
146,Mac,Warrillow,mwarrillow41@arstechnica.com,Male,China,27/04/1991,
147,Mitch,MacEllen,mmacellen42@newyorker.com,Agender,Indonesia,14/09/2020,
148,Meir,Avramov,mavramov43@aol.com,Male,Iran,17/10/2020,
149,Merrile,Bomb,mbomb44@webs.com,Female,Slovenia,30/12/2002,
150,Bathsheba,Waker,bwaker45@gov.uk,Female,Brazil,11/05/2011,
151,Sunny,Corhard,scorhard46@cloudflare.com,Female,Japan,06/05/2007,
152,Shayna,Rappa,srappa47@elpais.com,Female,Pakistan,10/05/1991,
153,Zita,Duiguid,zduiguid48@yahoo.co.jp,Female,United States,16/10/2003,
154,Franky,Boobier,fboobier49@acquirethisname.com,Male,Netherlands,28/05/1998,
155,Kristos,Gilhooley,kgilhooley4a@livejournal.com,Male,Honduras,22/09/1997,
156,Aubert,Thornally,athornally4b@about.com,Polygender,Ireland,22/06/2015,
157,Lucretia,Ianno,lianno4c@webnode.com,Female,China,08/09/1998,
158,Urban,Whitlow,uwhitlow4d@a8.net,Male,Georgia,16/08/2009,
159,Harold,Rhubottom,hrhubottom4e@wordpress.com,Male,Vietnam,13/04/1995,
160,Catharina,Banville,cbanville4f@gnu.org,Female,United Kingdom,19/07/2019,Turtles
161,Clerc,Walework,cwalework4g@fda.gov,Genderfluid,Thailand,21/08/2016,Turtles
162,Randi,Tonbye,rtonbye4h@cdc.gov,Female,Sweden,04/06/2008,Turtles
163,Louie,Crosscombe,lcrosscombe4i@jiathis.com,Male,Philippines,21/12/2017,Turtles
164,Arch,Shortell,ashortell4j@toplist.cz,Male,China,19/01/2009,Turtles
165,Leigh,Privost,lprivost4k@phoca.cz,Male,France,08/01/2013,Turtles
166,Nicola,Oakenfall,noakenfall4l@goo.ne.jp,Male,China,06/09/1998,Turtles
167,Ira,Gresham,igresham4m@harvard.edu,Female,Japan,16/10/2016,Turtles
168,Shandie,Slee,sslee4n@sbwire.com,Female,France,12/08/2013,Turtles
169,Archambault,Oscroft,aoscroft4o@hibu.com,Male,Indonesia,19/04/2003,Turtles
170,Myrwyn,Kiledal,mkiledal4p@cnbc.com,Male,Brazil,06/02/2000,Turtles
171,Robinett,Hradsky,rhradsky4q@angelfire.com,Female,Portugal,29/07/2008,Turtles
172,Daniel,Duthy,dduthy4r@patch.com,Genderfluid,China,13/07/2017,Turtles
173,Daveen,D'Errico,dderrico4s@qq.com,Female,China,10/08/2015,Turtles
174,Jaquelyn,Fer,jfer4t@army.mil,Agender,Indonesia,06/08/2000,Turtles
175,Anallise,Edgerly,aedgerly4u@seesaa.net,Female,Morocco,30/12/2020,Turtles
176,Hilary,Marcroft,hmarcroft4v@disqus.com,Female,Philippines,13/07/1996,Turtles
177,Kippar,Butner,kbutner4w@gizmodo.com,Male,Germany,17/02/1997,Turtles
178,Brant,Benezeit,bbenezeit4x@4shared.com,Male,Thailand,25/03/1991,Turtles
179,Rachele,Bissett,rbissett4y@youtube.com,Female,Albania,07/02/2020,Turtles
180,Moishe,Pridham,mpridham4z@japanpost.jp,Genderfluid,China,13/11/1992,Turtles
181,Bran,Robbey,brobbey50@scribd.com,Male,China,22/01/2009,Turtles
182,Shawn,Ishaki,sishaki51@virginia.edu,Male,China,17/07/1998,Turtles
183,Killian,Braunfeld,kbraunfeld52@bbb.org,Male,Brazil,02/03/2021,Turtles
184,Ranee,Aartsen,raartsen53@accuweather.com,Female,Zambia,22/12/2019,Turtles
185,Trudi,Asple,tasple54@gmpg.org,Female,Russia,29/03/2005,Turtles
186,Roderich,Hazeup,rhazeup55@mail.ru,Male,Nigeria,02/07/2019,Turtles
187,Monroe,Veevers,mveevers56@homestead.com,Male,Indonesia,20/09/2009,Turtles
188,Enriqueta,Costi,ecosti57@timesonline.co.uk,Female,United States,10/04/1996,Turtles
189,Patrice,Stadden,pstadden58@java.com,Male,Albania,10/07/1998,Turtles
190,Sorcha,Alcock,salcock59@flavors.me,Female,Peru,01/07/1991,Turtles
191,Templeton,Foulis,tfoulis5a@newyorker.com,Male,China,19/10/1994,Turtles
192,Frans,Sellner,fsellner5b@chicagotribune.com,Male,Mongolia,23/05/1999,Turtles
193,Marsha,Tulloch,mtulloch5c@twitpic.com,Genderqueer,Spain,23/07/1997,Turtles
194,Annabela,Cadore,acadore5d@fda.gov,Polygender,Indonesia,11/05/2015,Fish
195,Tyrus,Clampin,tclampin5e@mapquest.com,Polygender,Vietnam,17/04/2003,Fish
196,Rheta,Crownshaw,rcrownshaw5f@live.com,Female,Poland,31/10/2018,Fish
197,Georgy,Nutkin,gnutkin5g@zdnet.com,Male,China,19/09/2011,Fish
198,Jakob,Attwoull,jattwoull5h@walmart.com,Male,Tajikistan,17/12/1990,Fish
199,Lilla,Sackes,lsackes5i@alexa.com,Bigender,Portugal,01/02/2003,Fish
200,Charmine,Tremmil,ctremmil5j@cbsnews.com,Female,Philippines,13/06/1995,Fish
201,Maribelle,Ledington,mledington5k@wordpress.com,Female,Tunisia,07/01/2017,Fish
202,Tyrus,Alvaro,talvaro5l@uiuc.edu,Male,Greece,15/12/2020,Fish
203,Kariotta,Gothliff,kgothliff5m@nih.gov,Female,Argentina,09/06/2013,Fish
204,Dre,Willey,dwilley5n@ocn.ne.jp,Female,Russia,23/11/2013,Fish
205,Steffane,Silburn,ssilburn5o@ucla.edu,Female,Poland,01/01/2014,Fish
206,Olga,Klimowicz,oklimowicz5p@eventbrite.com,Female,Ireland,12/07/1997,Fish
207,Edward,Heater,eheater5q@lulu.com,Male,China,29/04/2014,Fish
208,Felisha,Garn,fgarn5r@posterous.com,Female,Sweden,08/11/2008,Fish
209,Maryrose,Dicky,mdicky5s@shutterfly.com,Female,Poland,11/12/2010,Fish
210,Connie,Wayon,cwayon5t@berkeley.edu,Female,Bosnia and Herzegovina,12/08/2010,Fish
211,Olga,Fynes,ofynes5u@indiatimes.com,Female,Indonesia,08/05/2006,Fish
212,Waylin,Rainford,wrainford5v@harvard.edu,Male,Cameroon,16/08/2009,Fish
213,Aksel,Glanfield,aglanfield5w@zimbio.com,Agender,Germany,06/09/2020,Fish
214,Maryanne,Rothschild,mrothschild5x@arstechnica.com,Female,Uganda,01/04/2012,Fish
215,Ivor,Miall,imiall5y@auda.org.au,Male,Mozambique,16/06/2004,Fish
216,Veronique,Perrycost,vperrycost5z@flickr.com,Female,China,07/11/1994,Fish
217,Nathanial,Capstake,ncapstake60@timesonline.co.uk,Male,Nigeria,09/12/2002,Fish
218,Obadiah,Halley,ohalley61@smugmug.com,Male,Indonesia,10/09/2021,Fish
219,Wald,Golling,wgolling62@uiuc.edu,Male,Greece,21/04/2012,Fish
220,Gannon,Shaddock,gshaddock63@myspace.com,Non-binary,Moldova,17/01/1991,Fish
221,Luciano,Eltringham,leltringham64@icq.com,Male,Poland,01/10/2002,Fish
222,Gustavo,Skpsey,gskpsey65@hao123.com,Male,Mongolia,16/10/2008,Fish
223,Beverlee,Sandaver,bsandaver66@clickbank.net,Female,Sweden,30/08/1999,Fish
224,Jan,Gisburn,jgisburn67@google.com.au,Male,France,26/04/1995,Fish
225,Kettie,Lewisham,klewisham68@bbb.org,Female,Iran,15/01/2000,Fish
226,Ive,Deller,ideller69@fotki.com,Male,Pakistan,03/06/1992,Fish
227,Svend,Hackwell,shackwell6a@chron.com,Male,Vietnam,11/07/2012,Fish
228,Rockwell,Toft,rtoft6b@redcross.org,Male,Portugal,07/03/1991,Fish
229,Klaus,Lowson,klowson6c@nature.com,Male,China,13/05/1997,Fish
230,Lily,Josifovitz,ljosifovitz6d@skyrock.com,Non-binary,Poland,23/02/2000,Fish
231,Bron,Schneider,bschneider6e@geocities.com,Male,China,13/12/2007,Fish
232,Chen,Tabor,ctabor6f@engadget.com,Male,China,20/06/1992,Fish
233,Lucilia,Agate,lagate6g@sun.com,Female,China,10/01/1995,Fish
234,Berte,Tibbs,btibbs6h@weather.com,Female,China,05/11/2013,Fish
235,Luella,Backshaw,lbackshaw6i@bigcartel.com,Female,Russia,03/05/2001,Fish
236,Wynn,Littleover,wlittleover6j@ihg.com,Polygender,Thailand,22/10/2009,Fish
237,Elianore,Tremmel,etremmel6k@skype.com,Female,France,18/02/2003,Fish
238,Osbert,Veregan,overegan6l@howstuffworks.com,Male,Mongolia,25/05/2020,Fish
239,Sheena,Fruchter,sfruchter6m@cbslocal.com,Non-binary,Philippines,15/02/1994,Fish
240,Byron,Butchard,bbutchard6n@reference.com,Male,Vietnam,14/10/2021,Fish
241,Michel,Peers,mpeers6o@hostgator.com,Male,Yemen,12/04/2013,Fish
242,Darb,Lippi,dlippi6p@devhub.com,Male,China,09/04/2013,Fish
243,Joelly,Fleckness,jfleckness6q@artisteer.com,Female,Russia,29/06/2020,Fish
244,Alfi,Kemster,akemster6r@pen.io,Female,Thailand,08/01/2001,Fish
245,Omar,McIlwraith,omcilwraith6s@cyberchimps.com,Male,Indonesia,08/06/2005,Fish
246,Mannie,Greenhaugh,mgreenhaugh6t@mozilla.com,Male,China,04/09/1998,Fish
247,Hogan,O'Lahy,holahy6u@cbslocal.com,Male,Philippines,11/02/2004,Fish
248,Con,Bascombe,cbascombe6v@tinyurl.com,Male,Colombia,22/06/2004,Fish
249,Claudetta,Hallowes,challowes6w@shareasale.com,Non-binary,Japan,04/06/1995,Fish
250,Gordon,Greser,ggreser6x@reference.com,Male,Philippines,14/12/2001,Fish
251,Cly,Durnan,cdurnan6y@imgur.com,Male,United States,29/06/1999,Fish
252,Bertram,Albrooke,balbrooke6z@printfriendly.com,Male,United States,08/02/2004,Fish
253,Florian,Tuckie,ftuckie70@marketwatch.com,Male,Finland,04/11/1990,Fish
254,Adolpho,Purveys,apurveys71@hexun.com,Male,Japan,19/07/1996,Fish
255,Gav,Pippin,gpippin72@surveymonkey.com,Male,Serbia,05/08/1998,Fish
256,Catherina,Malicki,cmalicki73@google.pl,Female,Indonesia,11/05/2004,Fish
257,Rance,Traill,rtraill74@unicef.org,Male,Brazil,11/06/2001,Fish
258,Lolita,Abbs,labbs75@rediff.com,Female,Portugal,08/02/2002,Fish
259,Winfield,Brugger,wbrugger76@fotki.com,Male,Georgia,07/09/1995,Fish
260,Elly,Trazzi,etrazzi77@huffingtonpost.com,Female,Canada,18/04/2014,Fish
261,Crysta,Kobierski,ckobierski78@omniture.com,Female,Guatemala,11/03/1995,Fish
262,Pietra,Ridett,pridett79@theguardian.com,Female,Canada,14/11/2020,Fish
263,Richy,Ganter,rganter7a@chronoengine.com,Male,Sweden,25/07/1998,Fish
264,Caryl,Bardnam,cbardnam7b@devhub.com,Male,Sweden,23/01/2000,Fish
265,Marget,Onn,monn7c@baidu.com,Female,China,12/01/2016,Fish
266,Kameko,Bulluck,kbulluck7d@photobucket.com,Female,Afghanistan,10/10/1994,Fish
267,Karyn,Ather,kather7e@nature.com,Female,Jordan,30/07/1993,Fish
268,Hillie,Jessup,hjessup7f@technorati.com,Male,Japan,15/04/1996,Fish
269,Kacy,Tomsett,ktomsett7g@amazon.com,Female,Brazil,11/05/2008,Fish
270,Ardra,Huie,ahuie7h@list-manage.com,Female,Bhutan,06/07/2021,Fish
271,Chan,Freyn,cfreyn7i@tripod.com,Male,Honduras,13/02/2003,Fish
272,Sergei,Piris,spiris7j@berkeley.edu,Male,China,31/03/1996,Fish
273,Clayborn,Bentjens,cbentjens7k@nhs.uk,Male,Uzbekistan,08/01/2018,Fish
274,Sonni,Gyves,sgyves7l@java.com,Female,Cuba,07/06/2009,Fish
275,Marybelle,Kloska,mkloska7m@wsj.com,Female,South Africa,23/10/2008,Fish
276,Rand,Petrillo,rpetrillo7n@ucla.edu,Male,Mozambique,15/04/2017,Fish
277,Irma,Klesse,iklesse7o@a8.net,Female,Colombia,16/06/2008,Fish
278,Abram,McGlew,amcglew7p@businessweek.com,Male,China,18/04/2000,Fish
279,Aldric,Bromont,abromont7q@blogger.com,Male,Philippines,28/02/2006,Fish
280,Betty,Craighall,bcraighall7r@walmart.com,Female,Portugal,15/07/1992,Fish
281,Ruggiero,Twidell,rtwidell7s@weibo.com,Male,Ivory Coast,17/09/1994,Fish
282,Kalila,Metzke,kmetzke7t@list-manage.com,Female,Tanzania,18/02/1997,Fish
283,Torrence,Guillard,tguillard7u@acquirethisname.com,Male,United States,31/10/2009,Fish
284,Mirabelle,Bonder,mbonder7v@wix.com,Female,China,31/08/1990,Fish
285,Edgardo,Guillou,eguillou7w@blinklist.com,Male,Laos,18/12/2013,Fish
286,Flinn,Connerly,fconnerly7x@unicef.org,Male,Brazil,03/12/2019,Fish
287,Faber,Salmond,fsalmond7y@huffingtonpost.com,Male,Burundi,30/03/2018,Fish
288,Mercy,Fairburne,mfairburne7z@theguardian.com,Female,China,07/06/2021,Fish
289,Ana,Ruthven,aruthven80@google.es,Female,South Africa,22/10/1997,Fish
290,Maitilde,Heustice,mheustice81@hatena.ne.jp,Female,Thailand,30/11/1999,Fish
291,Corine,Bolletti,cbolletti82@jigsy.com,Female,Indonesia,17/09/1994,Fish
292,Torry,Seagar,tseagar83@hao123.com,Male,China,28/11/2004,Fish
293,Xymenes,Mamwell,xmamwell84@intel.com,Male,Sweden,22/03/2003,Fish
294,Zeb,Tewes,ztewes85@parallels.com,Male,China,04/01/2012,Fish
295,Libbi,Kyttor,lkyttor86@tripod.com,Female,Brazil,29/01/2011,Fish
296,Zaneta,Yorke,zyorke87@stumbleupon.com,Bigender,China,30/07/2005,Fish
297,Meredith,Staines,mstaines88@washingtonpost.com,Female,Poland,03/01/2017,Fish
298,Syd,Saddler,ssaddler89@reddit.com,Non-binary,Greece,29/01/2022,Fish
299,Kinny,Reckhouse,kreckhouse8a@thetimes.co.uk,Male,Mongolia,09/06/2020,Fish
300,Marget,Wilmot,mwilmot8b@telegraph.co.uk,Female,China,03/09/2021,Fish
301,Francklin,Barenskie,fbarenskie8c@fastcompany.com,Male,Russia,10/12/2003,Fish
302,Grata,Bansal,gbansal8d@ehow.com,Female,Aland Islands,07/01/2017,Fish
303,Brooks,Headington,bheadington8e@theatlantic.com,Male,Indonesia,29/04/1992,Fish
304,Sascha,Cornfoot,scornfoot8f@wp.com,Female,Brazil,13/11/2021,Fish
305,Leonora,Sibille,lsibille8g@theatlantic.com,Female,Portugal,15/04/1990,Fish
306,Carol-jean,Pedder,cpedder8h@youku.com,Female,Sao Tome and Principe,21/04/2001,Fish
307,Otes,Hammonds,ohammonds8i@networkadvertising.org,Male,United States,21/03/2011,Fish
308,Antonio,Leachman,aleachman8j@auda.org.au,Male,Brazil,16/06/2012,Fish
309,Padgett,Fanner,pfanner8k@biglobe.ne.jp,Male,China,16/10/2000,Fish
310,Rea,Saunder,rsaunder8l@usa.gov,Female,Russia,02/03/2012,Fish
311,Courtnay,Reuter,creuter8m@thetimes.co.uk,Male,China,28/11/2018,Fish
312,Bertine,Ridewood,bridewood8n@ameblo.jp,Female,Indonesia,23/08/2010,Fish
313,Fredia,Pettiward,fpettiward8o@senate.gov,Female,Russia,28/06/1998,Fish
314,Ginger,Schelle,gschelle8p@stumbleupon.com,Male,Russia,26/02/1995,Fish
315,Briana,Bebbell,bbebbell8q@squarespace.com,Female,Brazil,29/07/1996,Fish
316,Emily,Leonarde,eleonarde8r@globo.com,Female,Indonesia,15/04/2009,Fish
317,Hephzibah,Littrell,hlittrell8s@yandex.ru,Female,Colombia,25/11/1995,Fish
318,Shirlee,Tansley,stansley8t@1und1.de,Female,Indonesia,18/07/2008,Fish
319,Krissy,Bockmann,kbockmann8u@bravesites.com,Female,Kazakhstan,16/11/2014,Fish
320,Ree,Trattles,rtrattles8v@biglobe.ne.jp,Female,Indonesia,02/02/2019,Fish
321,Sibylla,McRavey,smcravey8w@hibu.com,Female,Hungary,20/01/2018,Fish
322,Tandie,Greneham,tgreneham8x@cyberchimps.com,Female,Philippines,02/10/2007,Fish
323,Elmira,Penhale,epenhale8y@bing.com,Female,Zambia,29/11/1991,Fish
324,Ruthi,Norssister,rnorssister8z@ucsd.edu,Female,Indonesia,16/07/1996,Fish
325,Franklin,McDiarmid,fmcdiarmid90@fotki.com,Male,Belgium,20/08/2019,Fish
326,Chiquia,Waith,cwaith91@hud.gov,Genderqueer,Argentina,22/09/2006,Fish
327,Griffin,Cornford,gcornford92@opera.com,Polygender,Indonesia,09/10/1992,Fish
328,Pietrek,Dedham,pdedham93@reverbnation.com,Male,Indonesia,02/05/2002,Fish
329,Ninon,Phittiplace,nphittiplace94@facebook.com,Female,China,01/01/1993,Fish
330,Kiah,Meedendorpe,kmeedendorpe95@multiply.com,Female,Austria,29/05/2017,Fish
331,Caryl,Hryncewicz,chryncewicz96@mit.edu,Female,Ukraine,14/03/1994,Fish
332,Alena,Malthus,amalthus97@samsung.com,Female,China,30/01/2001,Fish
333,Rebecka,Balding,rbalding98@ibm.com,Female,China,13/10/1990,Fish
334,Sibylla,Buckoke,sbuckoke99@stanford.edu,Female,Czech Republic,17/11/2008,Fish
335,Lilah,Rentz,lrentz9a@123-reg.co.uk,Female,China,19/12/2020,Fish
336,Georgetta,Iacomini,giacomini9b@spotify.com,Female,Indonesia,15/01/2019,Fish
337,Joy,Bellany,jbellany9c@nih.gov,Female,Portugal,18/04/2000,Fish
338,Mozes,Edlyne,medlyne9d@eepurl.com,Male,China,01/10/2013,Fish
339,Wildon,Plewes,wplewes9e@naver.com,Male,Portugal,03/06/2013,Fish
340,Wrennie,Bateman,wbateman9f@tripadvisor.com,Female,Brazil,31/07/2001,Fish
341,Bennie,Godfrey,bgodfrey9g@yahoo.com,Female,Sweden,22/05/2013,Fish
342,Waverly,Grosvener,wgrosvener9h@exblog.jp,Male,China,13/08/2015,Cat
343,Meggi,Stoffel,mstoffel9i@creativecommons.org,Female,Philippines,06/09/2008,Cat
344,Web,Nials,wnials9j@seesaa.net,Male,Nepal,27/04/1998,Cat
345,Karol,Ellerby,kellerby9k@salon.com,Genderqueer,Sweden,09/02/1996,Cat
346,Pauly,Mityushkin,pmityushkin9l@meetup.com,Agender,France,17/08/1992,Cat
347,Joann,Aspel,jaspel9m@imageshack.us,Female,Venezuela,10/11/1991,Cat
348,Alisa,Gaither,agaither9n@seesaa.net,Female,Argentina,28/02/2006,Cat
349,Celestyn,Strover,cstrover9o@prnewswire.com,Non-binary,Senegal,04/11/2011,Cat
350,Murdock,Aiston,maiston9p@sbwire.com,Male,Indonesia,12/11/2009,Cat
351,Ulla,Rocks,urocks9q@yale.edu,Polygender,Armenia,20/12/2001,Cat
352,Rafaello,Rouchy,rrouchy9r@hhs.gov,Bigender,United States,27/02/1995,Cat
353,Tonye,Corley,tcorley9s@europa.eu,Genderqueer,Afghanistan,13/10/2000,Cat
354,Cathlene,Caw,ccaw9t@google.com,Female,Czech Republic,24/05/2005,Cat
355,Corrie,enzley,cenzley9u@shareasale.com,Male,Philippines,21/09/2019,Cat
356,Napoleon,Lugton,nlugton9v@163.com,Genderfluid,South Sudan,19/07/2015,Cat
357,Essy,Reisk,ereisk9w@dot.gov,Female,Ukraine,07/02/2008,Cat
358,Rey,Flood,rflood9x@ocn.ne.jp,Male,Philippines,07/10/2011,Cat
359,Demetria,Sedgwick,dsedgwick9y@hao123.com,Female,China,30/03/2005,Cat
360,Rheta,Salvage,rsalvage9z@uiuc.edu,Female,South Korea,11/02/2010,Cat
361,Emmett,Challice,echallicea0@storify.com,Male,Greece,21/09/2001,Cat
362,Dix,Calderhead,dcalderheada1@acquirethisname.com,Female,Australia,12/07/2003,Cat
363,Vania,Craythorn,vcraythorna2@vistaprint.com,Female,Thailand,02/08/2008,Cat
364,Myra,Pirouet,mpiroueta3@chicagotribune.com,Female,Philippines,05/04/2017,Cat
365,Anatol,Kinze,akinzea4@virginia.edu,Male,Brazil,18/09/2016,Cat
366,Isidore,Bezants,ibezantsa5@mapy.cz,Male,Thailand,19/08/2011,Cat
367,Saree,Bolletti,sbollettia6@i2i.jp,Female,Canada,27/08/2012,Cat
368,Salim,Lelievre,slelievrea7@phoca.cz,Male,Russia,02/04/2019,Cat
369,Culley,Malyon,cmalyona8@github.com,Male,Norway,10/01/2007,Cat
370,Baxie,Licciardi,blicciardia9@arizona.edu,Male,Nigeria,18/03/2021,Cat
371,Sig,Longworthy,slongworthyaa@tamu.edu,Male,France,06/04/2005,Cat
372,Any,Comford,acomfordab@reuters.com,Male,Brazil,30/03/2011,Cat
373,Devonna,Benedek,dbenedekac@msn.com,Female,Ukraine,29/03/1996,Cat
374,Burton,Whorton,bwhortonad@ovh.net,Agender,Ukraine,23/10/1996,Cat
375,Sig,Wilshin,swilshinae@networksolutions.com,Male,Tanzania,18/06/2020,Cat
376,Rhoda,Dawkins,rdawkinsaf@amazon.co.uk,Female,Slovenia,16/07/2005,Cat
377,Alene,Fisher,afisherag@hhs.gov,Female,China,07/09/1995,Cat
378,Elie,Missen,emissenah@nhs.uk,Female,Finland,24/04/1997,Cat
379,Emmi,Widocks,ewidocksai@ft.com,Female,Poland,24/12/1993,Turtles
380,Jana,Jessett,jjessettaj@amazon.co.uk,Female,Colombia,25/11/2011,Turtles
381,Wilbert,Rakes,wrakesak@blinklist.com,Male,France,01/09/1992,Turtles
382,Genvieve,Bisco,gbiscoal@ucoz.com,Female,China,30/11/1997,Turtles
383,Jany,Meaney,jmeaneyam@themeforest.net,Bigender,Philippines,20/10/2002,Turtles
384,Mair,Fernihough,mfernihoughan@multiply.com,Female,Indonesia,04/02/1997,Turtles
385,Tove,Bonehill,tbonehillao@hp.com,Female,Albania,04/07/2000,Turtles
386,Hyacinthia,Sturney,hsturneyap@house.gov,Female,Senegal,07/11/2016,Turtles
387,Rowland,Slad,rsladaq@chicagotribune.com,Male,Ireland,28/09/2012,Turtles
388,Alonzo,Persent,apersentar@hibu.com,Male,Russia,29/08/1994,Turtles
389,Linc,Godridge,lgodridgeas@hc360.com,Male,United States,18/10/2009,Turtles
390,Rabbi,Cammocke,rcammockeat@imgur.com,Male,Thailand,23/04/2015,Turtles
391,Selene,Corness,scornessau@w3.org,Female,China,22/05/2019,Turtles
392,Payton,Hedan,phedanav@dailymotion.com,Agender,Kazakhstan,28/03/2008,Turtles
393,Giorgia,Baldry,gbaldryaw@ucsd.edu,Female,Malaysia,07/05/2005,Turtles
394,Connie,Mattacks,cmattacksax@google.ca,Female,Colombia,09/09/2007,Turtles
395,Quill,Davidovicz,qdavidoviczay@businesswire.com,Male,China,27/11/1998,Turtles
396,Vi,Galbraeth,vgalbraethaz@ustream.tv,Female,Poland,30/01/1996,Turtles
397,Clementia,Barwick,cbarwickb0@issuu.com,Genderqueer,Argentina,12/05/2016,Turtles
398,Adore,Gartell,agartellb1@boston.com,Female,Indonesia,10/09/1994,Turtles
399,Milicent,Cullerne,mcullerneb2@photobucket.com,Female,China,30/01/1995,Turtles
400,Pippa,Cousin,pcousinb3@miitbeian.gov.cn,Genderqueer,Pakistan,16/11/2006,Turtles
401,Marin,Pauer,mpauerb4@plala.or.jp,Female,Tanzania,08/04/1991,Turtles
402,Gabi,Downse,gdownseb5@patch.com,Male,Portugal,24/02/2012,Turtles
403,Chad,Freer,cfreerb6@ed.gov,Male,Philippines,25/04/1998,Turtles
404,Kelsi,Smalecombe,ksmalecombeb7@so-net.ne.jp,Female,Indonesia,25/11/1998,Turtles
405,Larissa,Rubes,lrubesb8@harvard.edu,Genderfluid,China,03/11/2005,Turtles
406,Octavia,Oag,ooagb9@seesaa.net,Female,Philippines,18/06/2008,Turtles
407,Efrem,Hawtrey,ehawtreyba@java.com,Male,Indonesia,06/09/2012,Turtles
408,Rod,MacCombe,rmaccombebb@spiegel.de,Male,Peru,02/02/2010,Turtles
409,Neilla,Snalum,nsnalumbc@msu.edu,Female,Tajikistan,09/02/1998,Turtles
410,Justis,Stanistreet,jstanistreetbd@tripadvisor.com,Male,Brazil,19/07/1994,Turtles
411,Krishnah,Allibon,kallibonbe@un.org,Male,Indonesia,11/06/2002,Turtles
412,Nata,Ruspine,nruspinebf@miibeian.gov.cn,Female,Brazil,17/01/2014,Turtles
413,Antoinette,Pharro,apharrobg@admin.ch,Female,Russia,07/02/1991,Turtles
414,Karilynn,Vousden,kvousdenbh@wikia.com,Female,Cameroon,28/02/1993,Turtles
415,Thaxter,Sisnett,tsisnettbi@hp.com,Male,United States,01/12/2016,Turtles
416,Bibbie,Few,bfewbj@comsenz.com,Female,Armenia,24/06/1995,Turtles
417,Hilly,Saich,hsaichbk@cocolog-nifty.com,Non-binary,France,04/02/2016,Turtles
418,Dulcia,McIlheran,dmcilheranbl@netscape.com,Bigender,Burkina Faso,26/10/2021,Turtles
419,Maje,Astles,mastlesbm@nyu.edu,Male,China,26/06/2008,Turtles
420,Goddard,Cuttell,gcuttellbn@engadget.com,Male,Sweden,17/09/2014,Turtles
421,Jackelyn,Vondruska,jvondruskabo@furl.net,Genderfluid,Indonesia,07/01/1998,Turtles
422,Roxana,Aish,raishbp@dmoz.org,Female,China,05/07/2004,Turtles
423,Rubetta,Aireton,rairetonbq@blog.com,Female,China,08/04/2000,Turtles
424,Eugenio,Aymeric,eaymericbr@sourceforge.net,Male,Brazil,01/05/2004,Turtles
425,Doralynn,Yushin,dyushinbs@youku.com,Female,Poland,16/10/2006,Turtles
426,Ole,Caesman,ocaesmanbt@ftc.gov,Male,Peru,19/05/1998,Turtles
427,Rina,Vawton,rvawtonbu@bandcamp.com,Female,Indonesia,17/12/1998,Turtles
428,Eleanor,Askie,easkiebv@chron.com,Female,Ukraine,03/01/2006,Turtles
429,Parsifal,Jellett,pjellettbw@smh.com.au,Agender,China,06/03/2005,Turtles
430,Marjory,Josifovic,mjosifovicbx@illinois.edu,Female,China,24/01/1999,Turtles
431,Abigael,Hoodless,ahoodlessby@spiegel.de,Female,Canada,25/09/1993,Turtles
432,Jourdan,Liddle,jliddlebz@adobe.com,Female,Japan,18/04/2004,Turtles
433,Cordy,Randalson,crandalsonc0@bandcamp.com,Male,China,10/05/1997,Turtles
434,Percival,Cello,pcelloc1@oaic.gov.au,Male,Argentina,26/11/2017,Turtles
435,Clarissa,Stansbie,cstansbiec2@nih.gov,Female,Thailand,03/07/2010,Turtles
436,Wallis,Gregoletti,wgregolettic3@webs.com,Male,France,28/03/1991,Turtles
437,Winfield,Licence,wlicencec4@ask.com,Male,Brazil,07/11/2000,Turtles
438,Lou,De Winton,ldewintonc5@issuu.com,Female,China,02/02/2010,Turtles
439,Natale,Rodway,nrodwayc6@statcounter.com,Male,Philippines,24/02/2014,Turtles
440,Kristina,Woodrow,kwoodrowc7@ox.ac.uk,Female,China,27/12/2020,Turtles
441,Eberhard,Brough,ebroughc8@creativecommons.org,Male,Indonesia,22/02/1998,Turtles
442,Jakob,Hanscomb,jhanscombc9@bloglines.com,Male,Tanzania,16/07/2007,Turtles
443,Charlotta,Romanin,cromaninca@oracle.com,Female,France,02/05/1994,Turtles
444,Jourdain,Soltan,jsoltancb@reuters.com,Male,China,14/01/2003,Turtles
445,Job,Adrien,jadriencc@seattletimes.com,Male,Sweden,03/01/1998,Turtles
446,Peder,Allenson,pallensoncd@unicef.org,Male,Marshall Islands,04/10/2014,Turtles
447,Orella,Housego,ohousegoce@salon.com,Female,Russia,30/10/2001,Turtles
448,Ethan,McKeeman,emckeemancf@merriam-webster.com,Male,Poland,03/10/2003,Turtles
449,Domeniga,Mancell,dmancellcg@accuweather.com,Female,Czech Republic,08/03/1991,Turtles
450,Padgett,Brudenell,pbrudenellch@reddit.com,Male,Iceland,14/12/2009,Turtles
451,Dedra,Bickardike,dbickardikeci@wikimedia.org,Female,Dominican Republic,29/10/2015,Turtles
452,Florinda,Denacamp,fdenacampcj@hibu.com,Female,United States,20/01/2010,Turtles
453,Mal,Ousbie,mousbieck@reverbnation.com,Male,Brazil,26/09/2016,Turtles
454,Julina,Troughton,jtroughtoncl@yandex.ru,Female,Zimbabwe,12/02/2013,Turtles
455,Donall,Campo,dcampocm@netscape.com,Male,Lithuania,06/10/1999,Turtles
456,Sophronia,Mallinson,smallinsoncn@netscape.com,Female,Italy,15/03/2016,Turtles
457,Dion,Craddock,dcraddockco@npr.org,Male,China,20/05/2021,Turtles
458,Shirline,Bramley,sbramleycp@mozilla.org,Female,Russia,28/12/2013,Turtles
459,Nicol,Lockhart,nlockhartcq@usgs.gov,Female,China,24/12/2007,Turtles
460,Ruthanne,Pleven,rplevencr@tripod.com,Female,Philippines,17/08/1998,Turtles
461,Gilbertine,Linney,glinneycs@pinterest.com,Female,China,06/05/1997,Turtles
462,Codi,Varley,cvarleyct@independent.co.uk,Male,Thailand,01/06/2007,Turtles
463,Elinore,Bavage,ebavagecu@pbs.org,Female,Czech Republic,14/11/1998,Turtles
464,Clo,Naismith,cnaismithcv@jalbum.net,Female,Ukraine,29/07/2014,Turtles
465,Gherardo,Gatecliff,ggatecliffcw@blogspot.com,Male,Poland,21/12/2007,Turtles
466,Dermot,Adamowitz,dadamowitzcx@amazon.com,Male,Indonesia,07/03/2022,Turtles
467,Monroe,Stit,mstitcy@cargocollective.com,Male,Nepal,29/04/2012,Turtles
468,Kimbra,Figurski,kfigurskicz@google.fr,Female,Indonesia,09/07/1990,Turtles
469,Niven,Annes,nannesd0@sciencedaily.com,Male,Israel,04/05/1999,Turtles
470,Alfy,Gissing,agissingd1@xrea.com,Female,Indonesia,19/03/2005,Turtles
471,Llywellyn,Melia,lmeliad2@nhs.uk,Male,Philippines,20/01/1996,Turtles
472,Maure,Shankland,mshanklandd3@acquirethisname.com,Female,Indonesia,04/01/2014,Turtles
473,Rikki,Sainthill,rsainthilld4@zdnet.com,Female,Indonesia,07/08/2014,Turtles
474,Faustine,Mattingly,fmattinglyd5@dmoz.org,Female,Serbia,15/06/2015,Turtles
475,Daisie,Hullot,dhullotd6@photobucket.com,Female,Iceland,17/06/1992,Turtles
476,Adrien,O'Keefe,aokeefed7@blogspot.com,Male,Thailand,03/07/1990,Turtles
477,Janna,MacNockater,jmacnockaterd8@tiny.cc,Female,Indonesia,27/04/2001,Turtles
478,Rozele,Eouzan,reouzand9@cocolog-nifty.com,Female,China,05/09/1995,Turtles
479,Jodi,Trowel,jtrowelda@ucoz.com,Female,Indonesia,04/01/2001,Turtles
480,Barclay,Branca,bbrancadb@bing.com,Male,Brazil,26/09/2010,Turtles
481,Horatio,McEvay,hmcevaydc@telegraph.co.uk,Male,Venezuela,01/03/2020,Turtles
482,Rosanna,O'Gormally,rogormallydd@google.com.br,Female,Brazil,19/05/2017,Turtles
483,Wenonah,Pree,wpreede@economist.com,Female,Portugal,25/05/2014,Turtles
484,Grange,Gate,ggatedf@vimeo.com,Male,Russia,01/09/2016,Turtles
485,Pace,Ragot,pragotdg@unesco.org,Agender,Canada,01/12/2017,Turtles
486,Merridie,Chessell,mchesselldh@webmd.com,Female,Madagascar,05/08/2014,Cat
487,Conchita,Espinho,cespinhodi@phoca.cz,Female,Indonesia,10/12/2013,Cat
488,Cassaundra,Spier,cspierdj@ucsd.edu,Female,China,06/05/2007,Cat
489,Dareen,Winn,dwinndk@youtu.be,Female,Malaysia,02/02/1993,Cat
490,Chic,Echalie,cechaliedl@com.com,Male,Luxembourg,29/05/2017,Cat
491,Pamelina,Talks,ptalksdm@google.ca,Female,Indonesia,09/02/2002,Cat
492,Vladimir,Bremen,vbremendn@intel.com,Male,Cyprus,17/06/2005,Cat
493,Moore,Keemer,mkeemerdo@squidoo.com,Male,Colombia,21/03/2019,Cat
494,Isabelita,Hauger,ihaugerdp@adobe.com,Female,China,22/12/2000,Cat
495,Ellis,McTrustie,emctrustiedq@weather.com,Male,China,26/06/2004,Cat
496,Chrissie,Scawton,cscawtondr@yellowpages.com,Male,Colombia,12/07/2003,Cat
497,Beverley,Neesham,bneeshamds@timesonline.co.uk,Female,Madagascar,02/01/1996,Cat
498,Verge,Buxsey,vbuxseydt@oakley.com,Male,Indonesia,27/03/2013,Cat
499,Edd,Bartalin,ebartalindu@nature.com,Male,Burkina Faso,03/05/2008,Cat
500,Alessandra,Withey,awitheydv@amazon.co.jp,Female,Uganda,02/05/2014,Cat
501,Tally,Ruse,trusedw@toplist.cz,Male,Armenia,14/07/2015,Cat
502,Esme,Fliege,efliegedx@unicef.org,Female,New Zealand,16/10/2019,Cat
503,Vallie,Tassaker,vtassakerdy@admin.ch,Female,Brazil,17/08/2019,Cat
504,Anett,Hedger,ahedgerdz@engadget.com,Female,China,21/12/2000,Cat
505,Hestia,Casine,hcasinee0@aboutads.info,Female,Costa Rica,25/10/1999,Cat
506,Gabie,Dungee,gdungeee1@si.edu,Female,China,16/11/2005,Cat
507,Brandon,Rawdall,brawdalle2@auda.org.au,Male,China,06/06/2001,Cat
508,Lisle,Olliar,lolliare3@disqus.com,Male,United States,22/12/2013,Cat
509,Hiram,Reen,hreene4@japanpost.jp,Male,Russia,31/07/2007,Cat
510,Brnaba,Chazerand,bchazerande5@indiegogo.com,Male,Serbia,12/02/2000,Cat
511,Diarmid,Gras,dgrase6@jugem.jp,Male,France,18/07/2014,Cat
512,Marylou,Aneley,maneleye7@nhs.uk,Female,Indonesia,02/06/2015,Cat
513,Beverlie,Achrameev,bachrameeve8@boston.com,Female,Serbia,18/04/2002,Cat
514,Hansiain,Danielsson,hdanielssone9@ustream.tv,Male,Philippines,26/11/1995,Cat
515,Emerson,Orrin,eorrinea@wikispaces.com,Male,Brazil,27/02/2017,Cat
516,Aura,Danilovitch,adanilovitcheb@nbcnews.com,Female,Vietnam,21/08/1990,Cat
517,Umeko,Hudleston,uhudlestonec@oaic.gov.au,Female,China,23/07/2012,Cat
518,Maggi,Chippendale,mchippendaleed@illinois.edu,Female,Russia,20/01/2020,Cat
519,Butch,Rubenfeld,brubenfeldee@163.com,Male,Indonesia,14/12/1996,Cat
520,Tobey,Desborough,tdesboroughef@skype.com,Polygender,Canada,18/10/1994,Cat
521,Shaine,Svanini,ssvaninieg@mapy.cz,Male,Philippines,08/04/2002,Cat
522,Samuel,Cescot,scescoteh@t.co,Male,Russia,13/05/2016,Cat
523,Jethro,Wildish,jwildishei@purevolume.com,Male,Bosnia and Herzegovina,29/07/1998,Cat
524,Brianne,Ellerman,bellermanej@ameblo.jp,Female,Czech Republic,17/10/2017,Cat
525,Ragnar,Davidoff,rdavidoffek@psu.edu,Male,China,26/10/1997,Cat
526,Judd,Frackiewicz,jfrackiewiczel@toplist.cz,Male,Russia,12/08/1999,Cat
527,Monte,Stuckley,mstuckleyem@networkadvertising.org,Male,Nigeria,01/11/1995,Cat
528,Sean,Roskrug,sroskrugen@nhs.uk,Female,Vietnam,10/04/2007,Cat
529,Jacki,Loyns,jloynseo@people.com.cn,Female,Russia,17/07/2012,Cat
530,Van,Bau,vbauep@si.edu,Male,Indonesia,12/04/2003,Cat
531,Salvidor,Schubuser,sschubusereq@hibu.com,Male,Finland,31/03/2020,Cat
532,Aili,Curmi,acurmier@eventbrite.com,Female,France,31/12/2000,Cat
533,Mohandas,Collis,mcollises@pbs.org,Male,United States,05/12/2007,Cat
534,Dallas,Ateggart,dateggartet@umn.edu,Female,Kyrgyzstan,18/12/2010,Cat
535,Conrad,Muscott,cmuscotteu@cornell.edu,Male,North Korea,19/04/2001,Cat
536,Amitie,Woodworth,awoodworthev@hhs.gov,Female,Argentina,03/08/2004,Cat
537,Pandora,Guilloton,pguillotonew@prlog.org,Genderfluid,Luxembourg,16/05/2018,Cat
538,Hardy,Prati,hpratiex@utexas.edu,Male,China,05/01/2005,Cat
539,Kirk,Koppes,kkoppesey@miitbeian.gov.cn,Male,China,29/07/2015,Cat
540,Ginny,Vankov,gvankovez@si.edu,Female,China,05/09/1994,Cat
541,Roland,Rubinshtein,rrubinshteinf0@de.vu,Male,Indonesia,08/03/2001,Cat
542,Tabbatha,Sirrell,tsirrellf1@unblog.fr,Female,Indonesia,29/12/2014,Cat
543,Rory,Orton,rortonf2@smugmug.com,Male,Brazil,21/05/2021,Cat
544,Veda,Kennington,vkenningtonf3@ycombinator.com,Female,Peru,15/01/1991,Cat
545,Brantley,Doige,bdoigef4@devhub.com,Male,Serbia,25/06/2018,Cat
546,Timmie,Cheasman,tcheasmanf5@opera.com,Female,Malta,25/05/1990,Cat
547,Yuri,Mandifield,ymandifieldf6@github.io,Male,Poland,04/11/2016,Cat
548,Bailie,Eastmond,beastmondf7@amazon.co.uk,Agender,Greece,02/06/2019,Cat
549,Maurie,Ciccetti,mciccettif8@washington.edu,Male,United States,13/10/2004,Cat
550,Felipa,Barker,fbarkerf9@ask.com,Female,Spain,18/12/2003,Cat
551,Marnia,Simonini,msimoninifa@seesaa.net,Female,Latvia,05/05/2019,Cat
552,Quinton,Lawrenceson,qlawrencesonfb@networkadvertising.org,Male,Slovenia,16/10/2020,Cat
553,Isak,Bywaters,ibywatersfc@over-blog.com,Male,Indonesia,09/05/1990,Cat
554,Happy,Tattershall,htattershallfd@naver.com,Female,China,16/02/1992,Cat
555,Therine,Housegoe,thousegoefe@sogou.com,Female,Kazakhstan,12/01/2004,Cat
556,Carlin,Smallsman,csmallsmanff@tumblr.com,Male,Russia,16/07/1991,Cat
557,Thacher,Uglow,tuglowfg@jalbum.net,Male,Reunion,25/12/2020,Cat
558,Skylar,Reinisch,sreinischfh@typepad.com,Male,Indonesia,26/12/1991,Cat
559,Chandal,Guilbert,cguilbertfi@naver.com,Female,China,26/01/2015,Cat
560,Chase,Oakland,coaklandfj@narod.ru,Male,China,07/07/2010,Cat
561,Dagny,Cardon,dcardonfk@ed.gov,Male,Japan,28/08/1995,Cat
562,Gweneth,Labbez,glabbezfl@list-manage.com,Female,Indonesia,14/10/1990,Cat
563,Khalil,Keneforde,kkenefordefm@yahoo.co.jp,Male,Russia,10/12/2009,Cat
564,Hillier,Cella,hcellafn@google.pl,Male,Mexico,04/07/2009,Cat
565,Rubetta,McKeowon,rmckeowonfo@jigsy.com,Female,China,27/05/2021,Cat
566,Olivette,Fransseni,ofranssenifp@ning.com,Female,China,05/11/2013,Cat
567,Maitilde,Sacase,msacasefq@buzzfeed.com,Female,France,18/08/1992,Cat
568,Alexia,Darcy,adarcyfr@nba.com,Female,Bulgaria,29/08/1994,Cat
569,Alleen,Aldridge,aaldridgefs@nih.gov,Female,China,14/01/2000,Cat
570,Aeriela,Randles,arandlesft@about.com,Female,Japan,26/09/2000,Cat
571,Norton,Geard,ngeardfu@nationalgeographic.com,Male,China,23/06/2013,Cat
572,Keene,Boon,kboonfv@theglobeandmail.com,Male,Slovakia,09/10/1994,Cat
573,Zsazsa,Geggie,zgeggiefw@cpanel.net,Female,France,01/12/2013,Cat
574,Brooke,Matzke,bmatzkefx@csmonitor.com,Female,Cameroon,19/08/2019,Cat
575,Julie,Royste,jroystefy@ihg.com,Female,Russia,13/09/2013,Cat
576,Corbie,Noke,cnokefz@ebay.co.uk,Bigender,France,16/09/2016,Cat
577,Nonah,Ryland,nrylandg0@opensource.org,Female,China,14/07/1995,Cat
578,Tasha,Saffin,tsaffing1@smh.com.au,Female,Indonesia,22/04/2013,Cat
579,Brynna,Diben,bdibeng2@economist.com,Female,Russia,24/11/2019,Cat
580,Ernaline,Comolli,ecomollig3@ft.com,Female,Philippines,31/08/2004,Cat
581,Ray,Pascall,rpascallg4@storify.com,Male,Russia,03/12/2000,Cat
582,Shandy,Le Barr,slebarrg5@microsoft.com,Female,Armenia,20/10/2001,Cat
583,Rosana,Spadaro,rspadarog6@pen.io,Female,Serbia,15/05/2002,Cat
584,Dennis,Shawell,dshawellg7@fc2.com,Male,China,18/08/2005,Cat
585,Devondra,Rosenthal,drosenthalg8@hc360.com,Female,Indonesia,07/03/2020,Cat
586,Montague,Bleackley,mbleackleyg9@bing.com,Male,China,06/03/2005,Cat
587,Seth,Kliemchen,skliemchenga@adobe.com,Male,Indonesia,03/03/2007,Cat
588,Aubry,Eim,aeimgb@tripod.com,Female,Greece,30/07/2018,Cat
589,Leupold,Platt,lplattgc@alexa.com,Male,China,29/07/2012,Cat
590,Lombard,Streets,lstreetsgd@ovh.net,Male,Portugal,11/09/2019,Cat
591,Kati,Boulder,kboulderge@theatlantic.com,Female,France,03/03/1996,Cat
592,Maggee,Hunnaball,mhunnaballgf@dion.ne.jp,Agender,Ukraine,11/11/2021,Cat
593,Jonis,Trowell,jtrowellgg@a8.net,Female,Colombia,30/11/1997,Cat
594,Jehanna,Vint,jvintgh@spiegel.de,Female,France,04/12/2002,Cat
595,Kaycee,Krook,kkrookgi@miibeian.gov.cn,Female,Mauritius,11/01/2007,Cat
596,Ulberto,Gwin,ugwingj@bravesites.com,Male,Colombia,31/05/2008,Cat
597,Trumaine,Franzotto,tfranzottogk@homestead.com,Genderfluid,Sweden,29/12/2008,Cat
598,Winnifred,Raspel,wraspelgl@berkeley.edu,Female,Palestinian Territory,23/04/2013,Cat
599,Ladonna,Agglio,laggliogm@cafepress.com,Female,Ukraine,26/02/1998,Cat
600,Jonie,Greally,jgreallygn@creativecommons.org,Female,Albania,06/07/2018,Cat
601,Pooh,Jori,pjorigo@unesco.org,Male,Tunisia,26/10/1993,Cat
602,Meier,Morgan,mmorgangp@state.tx.us,Male,Indonesia,08/09/2021,Cat
603,Cherise,Roback,crobackgq@clickbank.net,Female,Indonesia,26/04/1996,Cat
604,Odille,Groarty,ogroartygr@prweb.com,Female,China,23/07/1990,Cat
605,Eolande,Tommis,etommisgs@weibo.com,Female,Brazil,16/02/2006,Cat
606,Wittie,Handrek,whandrekgt@usatoday.com,Genderqueer,Peru,24/07/1997,Cat
607,Justin,Whatham,jwhathamgu@reuters.com,Male,China,18/04/2013,Cat
608,Sibby,Sarjent,ssarjentgv@gravatar.com,Female,China,27/06/2014,Cat
609,Tiffany,Frondt,tfrondtgw@hexun.com,Female,China,10/11/2006,Cat
610,Foster,Ranklin,franklingx@dailymail.co.uk,Male,Colombia,11/05/2006,Cat
611,Lombard,Kebbell,lkebbellgy@blogtalkradio.com,Male,Lebanon,14/04/1997,Cat
612,Damaris,Saiger,dsaigergz@meetup.com,Genderfluid,Indonesia,16/09/2019,Cat
613,Rufe,Bilbery,rbilberyh0@nymag.com,Male,Poland,11/04/2014,Cat
614,Cosme,Alan,calanh1@opensource.org,Male,Portugal,28/06/2018,Cat
615,Armstrong,Buckenhill,abuckenhillh2@utexas.edu,Genderqueer,Poland,26/05/2003,Cat
616,Christi,Warsap,cwarsaph3@netscape.com,Female,Indonesia,08/10/2003,Cat
617,Margi,Walsh,mwalshh4@unc.edu,Female,China,08/12/2004,Cat
618,Georgianne,Halladay,ghalladayh5@shareasale.com,Female,Czech Republic,23/05/2016,Cat
619,Averell,Sutherington,asutheringtonh6@intel.com,Male,Indonesia,24/01/1997,Cat
620,Carlene,Ruddy,cruddyh7@jugem.jp,Female,Norway,05/05/2016,Cat
621,Yuri,Lodevick,ylodevickh8@spiegel.de,Male,Turkmenistan,16/07/2020,Cat
622,Inez,Mandres,imandresh9@jalbum.net,Female,China,28/03/2001,Cat
623,Prentice,Streeter,pstreeterha@cisco.com,Male,Portugal,08/12/2010,Cat
624,Truman,Danielli,tdaniellihb@stanford.edu,Male,France,31/12/2018,Cat
625,Wylma,Farman,wfarmanhc@independent.co.uk,Female,Japan,29/12/2002,Cat
626,Brandea,Lacoste,blacostehd@nsw.gov.au,Female,Austria,17/08/2005,Cat
627,Tanya,Broadbere,tbroadberehe@rakuten.co.jp,Female,Ivory Coast,03/01/2020,Cat
628,Stavro,Donaldson,sdonaldsonhf@cargocollective.com,Male,Palestinian Territory,20/10/2019,Cat
629,Peirce,Frankum,pfrankumhg@mlb.com,Male,Greece,14/07/2018,Cat
630,Bambi,Keeley,bkeeleyhh@naver.com,Female,France,27/01/1997,Cat
631,Margaretha,Dunlop,mdunlophi@toplist.cz,Female,China,05/12/2013,Cat
632,Corby,Wince,cwincehj@jiathis.com,Male,China,10/03/1991,Cat
633,Elia,Newdick,enewdickhk@dmoz.org,Male,Indonesia,10/12/1994,Cat
634,Waite,McFadden,wmcfaddenhl@mysql.com,Male,Philippines,10/11/2008,Cat
635,Salvador,Orum,sorumhm@hibu.com,Male,China,08/12/2012,Cat
636,Ira,Lewsley,ilewsleyhn@furl.net,Female,Ukraine,15/04/2009,Cat
637,Aleda,Rive,ariveho@noaa.gov,Female,Indonesia,04/12/2019,Cat
638,Chrissy,Molesworth,cmolesworthhp@storify.com,Male,Indonesia,24/03/2014,Cat
639,Tasia,Eckery,teckeryhq@vistaprint.com,Female,Portugal,14/02/2001,Cat
640,Windy,Jouaneton,wjouanetonhr@webeden.co.uk,Female,China,18/04/2006,Cat
641,Sadella,Buntain,sbuntainhs@twitpic.com,Female,China,25/11/1992,Cat
642,Lombard,Jelphs,ljelphsht@amazon.de,Genderqueer,Indonesia,20/08/2016,Cat
643,Mohandis,Westover,mwestoverhu@adobe.com,Male,Russia,21/09/1996,Cat
644,Winny,Meenehan,wmeenehanhv@weather.com,Male,Ukraine,09/02/2021,Cat
645,Yasmeen,Bartel,ybartelhw@dell.com,Non-binary,Portugal,26/08/1994,Cat
646,Loraine,Katte,lkattehx@tinyurl.com,Female,China,07/02/2010,Cat
647,Alvin,Farries,afarrieshy@japanpost.jp,Male,Russia,01/10/2007,Cat
648,Silvia,Mazzilli,smazzillihz@reuters.com,Female,Russia,25/10/2005,Cat
649,Arabelle,Dury,aduryi0@ehow.com,Female,Thailand,02/03/2013,Cat
650,Babara,Headly,bheadlyi1@techcrunch.com,Female,Macedonia,02/03/1995,Cat
651,Ashli,Keaveney,akeaveneyi2@php.net,Female,Finland,19/12/2005,Cat
652,Lenci,Murdy,lmurdyi3@hc360.com,Male,Brazil,30/05/1997,Cat
653,Felizio,Klyn,fklyni4@wikispaces.com,Male,China,28/10/2009,Cat
654,Priscella,Twede,ptwedei5@hexun.com,Non-binary,China,26/06/2008,Cat
655,Peggy,Bosnell,pbosnelli6@cbc.ca,Female,Brazil,08/08/2017,Cat
656,Lorianne,McNirlan,lmcnirlani7@accuweather.com,Agender,Macedonia,07/10/1998,Cat
657,Louis,Burnyeat,lburnyeati8@wufoo.com,Male,Czech Republic,08/04/1997,Cat
658,Hort,Banke,hbankei9@shutterfly.com,Male,Philippines,06/04/2022,Cat
659,Todd,Frankling,tfranklingia@yahoo.com,Male,China,16/02/2016,Cat
660,Artair,Pallis,apallisib@tripadvisor.com,Male,China,19/05/2010,Cat
661,Rochelle,Creeboe,rcreeboeic@paypal.com,Genderfluid,United States,10/06/1992,Cat
662,Philbert,Pickering,ppickeringid@tripadvisor.com,Male,Mexico,01/05/2011,Cat
663,Corey,Severy,cseveryie@yellowbook.com,Female,China,09/12/2013,Cat
664,Carmita,Enos,cenosif@tinypic.com,Female,China,06/08/1993,Cat
665,Hale,Winskill,hwinskillig@archive.org,Male,Philippines,05/08/1993,Cat
666,Sisely,Paris,sparisih@blog.com,Female,China,18/04/2020,Cat
667,Birgitta,Tournie,btournieii@webnode.com,Female,Venezuela,10/12/2001,Cat
668,Harper,Baxstare,hbaxstareij@spiegel.de,Male,Japan,24/04/2021,Cat
669,Deedee,Biggins,dbigginsik@msn.com,Female,Indonesia,07/06/1998,Cat
670,Wallas,Spurdens,wspurdensil@reuters.com,Male,Poland,01/11/2017,Cat
671,Myrlene,Cogley,mcogleyim@ucoz.ru,Female,Bhutan,23/07/1992,Cat
672,Carlyn,Geroldini,cgeroldiniin@hibu.com,Female,Ukraine,20/10/2001,Cat
673,Amargo,Cheatle,acheatleio@printfriendly.com,Female,Costa Rica,02/10/2009,Cat
674,Chandra,Hawney,chawneyip@bbb.org,Female,Sweden,09/12/2021,Cat
675,Jens,Mannock,jmannockiq@mit.edu,Male,Russia,29/03/2017,Cat
676,Ennis,Staneland,estanelandir@bloglovin.com,Male,Brazil,24/11/1990,Cat
677,Shani,Astley,sastleyis@jiathis.com,Female,Brazil,16/03/2014,Cat
678,Trish,Pinfold,tpinfoldit@wisc.edu,Female,Bosnia and Herzegovina,01/05/1991,Cat
679,Susannah,Strangwood,sstrangwoodiu@naver.com,Female,Ireland,09/06/2007,Cat
680,Justino,McKeney,jmckeneyiv@bbb.org,Male,Sweden,31/07/1999,Cat
681,Milton,Egan,meganiw@seesaa.net,Male,Brazil,15/03/1997,Cat
682,Katrine,Troop,ktroopix@ca.gov,Female,Cuba,10/09/2004,Cat
683,Marcella,Pankethman,mpankethmaniy@jugem.jp,Female,China,05/06/2008,Cat
684,Ferdie,Wipfler,fwipfleriz@toplist.cz,Male,China,07/04/2021,Cat
685,Ransom,Gianilli,rgianillij0@washingtonpost.com,Male,China,08/01/2012,Cat
686,Emelen,Fanner,efannerj1@sitemeter.com,Male,Russia,03/01/2022,Cat
687,Christel,Franey,cfraneyj2@unc.edu,Female,Japan,21/10/2014,Cat
688,Elaine,Collymore,ecollymorej3@ca.gov,Female,Brazil,17/07/2013,Cat
689,Ella,Fitchett,efitchettj4@github.io,Female,Brazil,19/04/1998,Cat
690,Lyda,Bessey,lbesseyj5@w3.org,Female,Thailand,22/01/2011,Cat
691,Wat,Lippini,wlippinij6@sphinn.com,Male,China,03/10/1995,Cat
692,Selena,Merrington,smerringtonj7@dot.gov,Female,Netherlands,11/11/2017,Cat
693,Gaspar,Garton,ggartonj8@blogspot.com,Male,Slovenia,29/06/2003,Cat
694,Kandace,Shalloe,kshalloej9@bbb.org,Female,Russia,26/02/2015,Cat
695,Vanda,Peartree,vpeartreeja@pagesperso-orange.fr,Female,Ukraine,03/06/1992,Cat
696,Carmelle,Bawdon,cbawdonjb@soup.io,Female,Indonesia,20/01/2012,Cat
697,Raviv,Liverseege,rliverseegejc@tamu.edu,Male,Czech Republic,26/04/2016,Cat
698,Paton,Medlin,pmedlinjd@goodreads.com,Male,Georgia,07/11/2011,Cat
699,Janet,Tomasello,jtomaselloje@indiegogo.com,Female,Brazil,18/05/1997,Cat
700,Jaimie,Waggatt,jwaggattjf@clickbank.net,Female,Argentina,18/07/2012,Cat
701,Yevette,Skeats,yskeatsjg@sakura.ne.jp,Female,Sweden,19/02/2002,Cat
702,Abbey,Huggard,ahuggardjh@stanford.edu,Male,Indonesia,29/01/1996,Cat
703,Bartlett,Mawman,bmawmanji@blogtalkradio.com,Male,Canada,15/07/1995,Dog
704,Amelita,Nyland,anylandjj@ifeng.com,Female,Philippines,22/05/2010,Dog
705,Gal,Maciunas,gmaciunasjk@mediafire.com,Male,China,16/09/2011,Dog
706,Gil,Bazeley,gbazeleyjl@auda.org.au,Male,Taiwan,08/04/2008,Dog
707,Margette,Harly,mharlyjm@typepad.com,Bigender,Nicaragua,01/07/2010,Dog
708,Shandeigh,Strelitzer,sstrelitzerjn@people.com.cn,Female,Indonesia,03/07/2020,Dog
709,Paco,Webburn,pwebburnjo@sciencedaily.com,Male,Philippines,23/08/1990,Dog
710,Farlee,Clemo,fclemojp@businesswire.com,Male,China,22/02/2017,Dog
711,Haroun,Millier,hmillierjq@mail.ru,Male,Russia,21/05/1990,Dog
712,Perice,Pentony,ppentonyjr@google.co.jp,Male,China,02/11/2002,Dog
713,Starr,Feild,sfeildjs@omniture.com,Female,China,27/01/2014,Dog
714,Fancy,Soall,fsoalljt@tamu.edu,Female,Cameroon,10/09/2004,Dog
715,Sapphire,Picker,spickerju@ezinearticles.com,Female,China,27/05/1996,Dog
716,Win,Wraight,wwraightjv@intel.com,Male,Ukraine,17/08/2006,Dog
717,Clerissa,McGilbon,cmcgilbonjw@virginia.edu,Female,Liberia,25/03/2021,Dog
718,Francesca,Jacobson,fjacobsonjx@irs.gov,Female,Indonesia,15/08/1995,Dog
719,Shaylah,Trammel,strammeljy@chron.com,Female,United States,11/07/1992,Dog
720,Linnea,Batalini,lbatalinijz@mapquest.com,Female,Georgia,04/08/2000,Dog
721,Vina,Enderby,venderbyk0@foxnews.com,Female,China,28/01/2015,Dog
722,Olivier,Doyland,odoylandk1@homestead.com,Male,Poland,08/02/2002,Dog
723,Adore,Spratt,asprattk2@time.com,Female,United States,07/10/1991,Dog
724,Aurea,Wodeland,awodelandk3@who.int,Female,Philippines,03/07/2015,Dog
725,Derril,Pattlel,dpattlelk4@craigslist.org,Male,Bolivia,11/12/2018,Dog
726,Suzy,Herreran,sherrerank5@guardian.co.uk,Female,Brazil,16/10/1994,Dog
727,Alisander,Laffling,alafflingk6@techcrunch.com,Male,Canada,07/02/1991,Dog
728,Matthias,Cissen,mcissenk7@google.it,Male,Finland,11/12/2006,Dog
729,Skylar,Wibrew,swibrewk8@examiner.com,Male,Vietnam,24/04/2001,Dog
730,Jermaine,Birney,jbirneyk9@tripadvisor.com,Female,United Kingdom,23/09/1994,Dog
731,Aleece,Boskell,aboskellka@mapquest.com,Female,Sri Lanka,16/01/1993,Dog
732,Agneta,Billitteri,abillitterikb@home.pl,Polygender,China,12/08/2004,Dog
733,Deck,Anthon,danthonkc@hao123.com,Male,Philippines,28/07/2008,Dog
734,Sosanna,Ockland,socklandkd@foxnews.com,Female,China,19/11/2004,Dog
735,Aida,Crutchley,acrutchleyke@google.cn,Female,China,08/12/2013,Dog
736,Cally,Blaszczyk,cblaszczykkf@php.net,Female,China,13/09/2003,Dog
737,Antonino,Caselick,acaselickkg@europa.eu,Male,Portugal,23/06/1998,Dog
738,Maryrose,MacTrustrie,mmactrustriekh@imageshack.us,Female,Philippines,29/07/1997,Dog
739,Dalt,Neno,dnenoki@nps.gov,Male,Brazil,12/11/2006,Dog
740,Duke,Mordecai,dmordecaikj@devhub.com,Male,Argentina,05/02/2002,Dog
741,Cheslie,Gunnell,cgunnellkk@sciencedaily.com,Agender,Philippines,20/07/1990,Dog
742,Leupold,Bouzek,lbouzekkl@amazon.de,Male,Russia,26/05/2005,Dog
743,Dela,Rudram,drudramkm@tinypic.com,Female,Ghana,01/04/2014,Dog
744,Aggy,Cobley,acobleykn@technorati.com,Female,Portugal,20/03/2014,Dog
745,Stefano,Dowdell,sdowdellko@about.com,Polygender,China,02/08/2014,Dog
746,Bernardine,Tanton,btantonkp@xrea.com,Female,China,09/12/2014,Dog
747,Thomasin,Burgott,tburgottkq@facebook.com,Female,Canada,29/08/2003,Dog
748,Russell,Baud,rbaudkr@tripadvisor.com,Male,Sweden,05/11/1992,Dog
749,Dame,Lippett,dlippettks@harvard.edu,Male,Russia,14/11/2012,Dog
750,Lorry,Eton,letonkt@mac.com,Male,Honduras,19/01/2004,Dog
751,Mariann,Barks,mbarksku@icq.com,Female,China,21/02/2002,Dog
752,Gordie,Montel,gmontelkv@msu.edu,Male,China,25/06/1991,Dog
753,Dory,Percy,dpercykw@bluehost.com,Female,Tunisia,29/12/2012,Dog
754,Kore,Santry,ksantrykx@dell.com,Female,Portugal,15/02/2015,Dog
755,Aldus,Fortin,afortinky@icio.us,Male,China,24/11/2021,Dog
756,Bowie,Garrould,bgarrouldkz@globo.com,Male,China,11/11/2008,Dog
757,Gunner,Shayes,gshayesl0@acquirethisname.com,Male,Portugal,29/01/2007,Dog
758,Juliet,De Zamudio,jdezamudiol1@chron.com,Genderqueer,Uzbekistan,08/07/1999,Dog
759,Elsi,Philpotts,ephilpottsl2@comsenz.com,Female,Panama,01/07/2016,Dog
760,Homerus,Zaple,hzaplel3@utexas.edu,Male,Brazil,06/07/2000,Dog
761,Crichton,Rigglesford,crigglesfordl4@diigo.com,Male,Israel,16/01/1993,Dog
762,Langsdon,Crocker,lcrockerl5@infoseek.co.jp,Male,Luxembourg,09/01/1997,Dog
763,Con,Duberry,cduberryl6@cbc.ca,Female,Indonesia,12/11/1997,Dog
764,Tymothy,Donn,tdonnl7@kickstarter.com,Male,Argentina,25/07/1994,Dog
765,Farrand,Bleakley,fbleakleyl8@telegraph.co.uk,Female,Guatemala,15/01/1993,Dog
766,Fidelia,Angove,fangovel9@fda.gov,Female,China,03/04/1992,Dog
767,Anders,Bowe,abowela@ning.com,Male,France,02/02/2020,Dog
768,Madelin,Guly,mgulylb@trellian.com,Female,Portugal,25/05/2013,Dog
769,Merrilee,Hilling,mhillinglc@pagesperso-orange.fr,Female,Indonesia,31/05/2004,Dog
770,Phyllida,Frostdicke,pfrostdickeld@ucoz.com,Female,Ukraine,26/03/2000,Dog
771,Andie,Dinnage,adinnagele@patch.com,Male,China,30/07/2012,Dog
772,Ninette,Fayne,nfaynelf@time.com,Female,Indonesia,04/03/1996,Dog
773,Meir,Simants,msimantslg@mediafire.com,Male,Philippines,18/05/2012,Dog
774,Bennett,Penketh,bpenkethlh@ihg.com,Male,China,06/07/1997,Dog
775,Katrinka,Burry,kburryli@soup.io,Female,China,23/07/2001,Dog
776,Wallis,Paula,wpaulalj@163.com,Male,France,07/07/1998,Dog
777,Paola,Dalgarno,pdalgarnolk@xrea.com,Female,Venezuela,30/11/2006,Dog
778,Joby,Bagniuk,jbagniukll@unc.edu,Female,United States,14/07/2002,Dog
779,Francklyn,Huttley,fhuttleylm@artisteer.com,Male,United States,25/06/2004,Dog
780,Alecia,Simonnot,asimonnotln@digg.com,Female,Macedonia,19/04/2013,Dog
781,Michaeline,Caldera,mcalderalo@51.la,Female,Croatia,28/10/2017,Dog
782,Sapphire,Chaffyn,schaffynlp@ucoz.com,Female,China,13/11/2015,Dog
783,Zach,Bettesworth,zbettesworthlq@digg.com,Non-binary,Portugal,08/01/2014,Dog
784,Sibley,Gillard,sgillardlr@clickbank.net,Female,Mali,08/06/2013,Dog
785,Reggis,Shale,rshalels@ifeng.com,Male,Poland,20/04/2003,Dog
786,Lisle,Ewell,lewelllt@wix.com,Male,Sweden,11/01/1998,Dog
787,Kirstyn,Whitmell,kwhitmelllu@amazonaws.com,Female,Canada,16/04/1998,Dog
788,Davis,Bennit,dbennitlv@woothemes.com,Male,Albania,24/04/2009,Dog
789,Grayce,Zoellner,gzoellnerlw@pen.io,Female,Sweden,04/04/2019,Dog
790,Dee dee,Burney,dburneylx@howstuffworks.com,Female,Portugal,18/12/2017,Dog
791,Bonny,Mackley,bmackleyly@surveymonkey.com,Female,Japan,05/06/1994,Dog
792,Harley,Verbeke,hverbekelz@livejournal.com,Female,Malaysia,17/11/2004,Dog
793,Melisandra,Sapshed,msapshedm0@ed.gov,Female,Dominican Republic,25/11/2018,Dog
794,Berti,Fragino,bfraginom1@toplist.cz,Female,Malaysia,22/03/1995,Dog
795,Tynan,Winsbury,twinsburym2@zimbio.com,Male,Jordan,27/12/2017,Dog
796,Eda,Planks,eplanksm3@ft.com,Female,China,28/01/2015,Dog
797,Maryrose,Rounding,mroundingm4@lulu.com,Female,Poland,27/01/2019,Dog
798,Paula,Renner,prennerm5@scribd.com,Female,Belarus,13/12/2006,Dog
799,Celia,Matchett,cmatchettm6@usda.gov,Female,United States,20/06/1999,Dog
800,Leslie,Ludovico,lludovicom7@topsy.com,Female,Portugal,04/04/2018,Dog
801,Florida,Rraundl,frraundlm8@123-reg.co.uk,Agender,China,28/09/2008,Dog
802,Mervin,Cossentine,mcossentinem9@yahoo.com,Male,Mexico,19/12/1998,Dog
803,Cyndy,Cogzell,ccogzellma@multiply.com,Female,Sweden,21/10/2003,Dog
804,Rosalind,Biswell,rbiswellmb@hhs.gov,Female,China,26/07/2012,Dog
805,Evin,Edgeworth,eedgeworthmc@cmu.edu,Male,France,14/05/1991,Dog
806,Murdoch,Harmstone,mharmstonemd@godaddy.com,Male,Greece,14/01/2014,Dog
807,Rasla,Clement,rclementme@newsvine.com,Female,Russia,11/02/2022,Dog
808,Bartholomew,Bruyett,bbruyettmf@wix.com,Male,Netherlands,28/06/2013,Dog
809,Ramona,Tenney,rtenneymg@ustream.tv,Female,China,21/02/2011,Dog
810,Guinna,Ulyat,gulyatmh@surveymonkey.com,Female,French Polynesia,04/08/1994,Dog
811,Mildrid,Dallan,mdallanmi@mapy.cz,Female,Japan,20/07/2018,Dog
812,Thomasa,Parkin,tparkinmj@paginegialle.it,Agender,Botswana,14/04/2014,Dog
813,Ernaline,Vegas,evegasmk@baidu.com,Female,Japan,09/03/1998,Dog
814,Thaddeus,Sapsforde,tsapsfordeml@va.gov,Male,Japan,09/08/2006,Dog
815,Graehme,Shalliker,gshallikermm@sourceforge.net,Male,Poland,07/04/2010,Dog
816,Vidovic,Dwight,vdwightmn@360.cn,Male,France,09/01/2022,Dog
817,Bastien,Burgoine,bburgoinemo@odnoklassniki.ru,Male,China,20/12/1999,Dog
818,Giles,Carmont,gcarmontmp@webeden.co.uk,Male,Philippines,07/12/2011,Dog
819,Friedrich,Charte,fchartemq@imageshack.us,Genderqueer,Philippines,05/02/1999,Dog
820,Shelley,Blowen,sblowenmr@dyndns.org,Male,Spain,18/06/2021,Dog
821,Lindsay,Sinton,lsintonms@amazon.com,Male,Portugal,13/08/2010,Dog
822,Sarene,Costanza,scostanzamt@google.com.au,Genderqueer,Latvia,16/01/1999,Dog
823,Adan,Kix,akixmu@sohu.com,Male,Canada,05/12/2007,Dog
824,Winny,Drowsfield,wdrowsfieldmv@opera.com,Male,China,30/08/2013,Dog
825,Myriam,Jewess,mjewessmw@wordpress.com,Female,Brazil,19/03/2002,Dog
826,Orson,Skinn,oskinnmx@wikipedia.org,Male,Philippines,20/06/2020,Dog
827,Osbourn,Macci,omaccimy@360.cn,Male,Japan,29/03/2011,Dog
828,Wendye,McErlaine,wmcerlainemz@biblegateway.com,Genderqueer,China,16/01/2000,Dog
829,Maurise,O'Towey,motoweyn0@jimdo.com,Female,Tanzania,12/05/2011,Dog
830,Hester,Heindrick,hheindrickn1@canalblog.com,Female,Argentina,08/03/1998,Dog
831,Lela,Abrahamian,labrahamiann2@xinhuanet.com,Female,Japan,04/07/2000,Dog
832,Lanie,Allwright,lallwrightn3@businessinsider.com,Agender,Moldova,26/10/2018,Dog
833,Shem,Tomik,stomikn4@liveinternet.ru,Male,Indonesia,29/10/1993,Dog
834,Natasha,Marcroft,nmarcroftn5@barnesandnoble.com,Female,Argentina,07/12/2016,Dog
835,Lance,Renol,lrenoln6@bloglovin.com,Male,China,12/05/2002,Dog
836,Saba,Freegard,sfreegardn7@homestead.com,Female,Croatia,26/06/2000,Dog
837,Calida,Riepl,criepln8@barnesandnoble.com,Female,Ghana,09/11/1993,Dog
838,Delly,Ching,dchingn9@desdev.cn,Female,Belarus,24/07/2012,Dog
839,Mariel,Dominetti,mdominettina@alibaba.com,Female,Afghanistan,06/08/2008,Dog
840,Ingamar,MacAlpyne,imacalpynenb@1und1.de,Male,Ireland,03/10/2004,Dog
841,Antons,Coate,acoatenc@utexas.edu,Male,Greece,20/10/1996,Dog
842,Darcey,Brattell,dbrattellnd@census.gov,Female,China,01/11/2021,Dog
843,Berti,Kleimt,bkleimtne@google.cn,Female,Kosovo,10/04/1999,Dog
844,Coop,Gabites,cgabitesnf@icio.us,Male,Japan,20/08/2011,Dog
845,Caren,Plevey,cpleveyng@biglobe.ne.jp,Female,Brazil,12/09/2010,Dog
846,Cecilla,Ianitti,cianittinh@senate.gov,Female,Spain,04/11/2020,Dog
847,Lauree,Le Gassick,llegassickni@blogspot.com,Female,China,09/03/2018,Dog
848,Drusi,Muckart,dmuckartnj@tinyurl.com,Non-binary,Greenland,23/05/1992,Dog
849,Trstram,Boshard,tboshardnk@51.la,Male,Malta,31/03/2015,Dog
850,Tanney,Ornillos,tornillosnl@vkontakte.ru,Male,China,10/06/2015,Dog
851,Jemmy,Shadfourth,jshadfourthnm@census.gov,Female,Ethiopia,29/01/2001,Dog
852,Starlin,Seide,sseidenn@histats.com,Female,Indonesia,06/08/2011,Dog
853,Tawnya,Rosie,trosieno@woothemes.com,Female,China,15/04/1998,Dog
854,Oates,Lille,olillenp@1688.com,Male,Vietnam,17/11/1995,Dog
855,Ali,Goudge,agoudgenq@weather.com,Male,Sweden,22/02/2011,Dog
856,Cinda,Kenright,ckenrightnr@qq.com,Female,Brazil,02/07/2001,Dog
857,Dodie,Lackemann,dlackemannns@cbslocal.com,Female,Argentina,09/03/1995,Dog
858,Durand,Bradnock,dbradnocknt@japanpost.jp,Male,United Kingdom,29/04/2019,Dog
859,Lianne,Scampion,lscampionnu@oaic.gov.au,Female,United States,02/12/2001,Dog
860,Antonin,Tovey,atoveynv@alexa.com,Male,Mexico,28/11/2005,Dog
861,Sherrie,Ivanisov,sivanisovnw@ow.ly,Female,Honduras,05/02/2001,Dog
862,Whitney,Lanigan,wlanigannx@uiuc.edu,Non-binary,Brazil,15/12/2010,Dog
863,Davide,Vallerine,dvallerineny@ihg.com,Male,Brazil,07/09/1992,Dog
864,Morgana,Thrift,mthriftnz@pcworld.com,Female,Indonesia,13/10/1996,Dog
865,Katerine,Scullion,ksculliono0@ucsd.edu,Female,Indonesia,03/02/2008,Dog
866,Bryce,Deener,bdeenero1@naver.com,Male,Poland,06/12/1990,Dog
867,Maurise,Leason,mleasono2@nba.com,Genderfluid,Ghana,12/03/2012,Dog
868,Lyndy,Ivanonko,livanonkoo3@de.vu,Female,Russia,27/08/2000,Dog
869,Ruthann,Hullbrook,rhullbrooko4@spiegel.de,Female,Ukraine,05/10/2002,Dog
870,Joletta,Tytcomb,jtytcombo5@ebay.com,Female,China,05/11/2021,Dog
871,Hayden,Olyunin,holyunino6@seesaa.net,Male,Malaysia,20/09/1994,Dog
872,Florence,Ferriday,fferridayo7@vk.com,Female,Paraguay,18/04/2008,Dog
873,Kristopher,Frediani,kfredianio8@ezinearticles.com,Male,France,05/01/2006,Dog
874,Ruth,Hryniewicz,rhryniewiczo9@macromedia.com,Female,Macedonia,08/05/2003,Dog
875,Granger,Gridley,ggridleyoa@walmart.com,Male,Ukraine,03/03/2021,Dog
876,Catrina,Millwater,cmillwaterob@goo.ne.jp,Female,Poland,20/05/2000,Dog
877,Mala,Gomez,mgomezoc@furl.net,Female,Indonesia,06/11/1993,Dog
878,Hetti,Klimontovich,hklimontovichod@ycombinator.com,Female,Brazil,02/06/2011,Dog
879,Randall,McBain,rmcbainoe@blinklist.com,Male,Iraq,18/03/2016,Dog
880,Lorianna,Van Niekerk,lvanniekerkof@feedburner.com,Female,Russia,30/11/1999,Dog
881,Gerianna,Ahren,gahrenog@toplist.cz,Female,Philippines,03/01/1995,Dog
882,Ferguson,Burnhard,fburnhardoh@census.gov,Male,China,13/12/2016,Dog
883,Seumas,De Bruijn,sdebruijnoi@xrea.com,Male,Japan,11/10/2004,Dog
884,Olivie,Corris,ocorrisoj@bizjournals.com,Agender,United States,20/10/1998,Dog
885,Allen,Igoe,aigoeok@deviantart.com,Male,Portugal,17/12/2010,Dog
886,Cindelyn,Matzkaitis,cmatzkaitisol@wordpress.com,Female,Uzbekistan,09/09/2006,Dog
887,Saba,Withrop,swithropom@fotki.com,Female,Mexico,23/04/2009,Dog
888,Noelle,Olerenshaw,nolerenshawon@tmall.com,Female,Indonesia,23/10/2000,Dog
889,Thain,Guiraud,tguiraudoo@4shared.com,Male,Madagascar,20/04/2019,Fish
890,Sisile,Cordova,scordovaop@ebay.co.uk,Female,Russia,29/07/1993,Fish
891,Evonne,Aspinell,easpinelloq@yelp.com,Female,China,16/03/1995,Fish
892,Lynn,Wilber,lwilberor@google.com.hk,Female,Philippines,30/05/2010,Fish
893,Dorolisa,Kinsett,dkinsettos@walmart.com,Female,Brazil,15/01/2005,Fish
894,Kelley,Merit,kmeritot@tuttocitta.it,Male,Spain,21/09/1990,Fish
895,Jocelyne,Lewisham,jlewishamou@shutterfly.com,Genderqueer,Slovenia,05/08/1993,Fish
896,Georg,Fitter,gfitterov@amazon.com,Male,Croatia,24/08/2018,Fish
897,Ralph,Chedgey,rchedgeyow@thetimes.co.uk,Male,Russia,26/08/1993,Fish
898,Jere,Pencost,jpencostox@google.de,Female,Brazil,05/06/1994,Fish
899,Alyce,Eggerton,aeggertonoy@blogger.com,Genderfluid,Czech Republic,19/05/2004,Fish
900,Reed,Matantsev,rmatantsevoz@dyndns.org,Male,Taiwan,11/12/1999,Fish
901,Benoite,Steffans,bsteffansp0@narod.ru,Agender,Myanmar,01/09/2010,Fish
902,Hedi,Attiwill,hattiwillp1@timesonline.co.uk,Female,Colombia,12/05/1992,Fish
903,Sarita,Walesa,swalesap2@abc.net.au,Female,Netherlands,14/11/2015,Fish
904,Berne,Kasting,bkastingp3@over-blog.com,Male,Indonesia,29/04/2002,Fish
905,Scarlet,Bowller,sbowllerp4@rediff.com,Female,Indonesia,10/09/1996,Fish
906,Joni,Gomez,jgomezp5@alexa.com,Female,Peru,11/06/2000,Fish
907,Jeralee,Joicey,jjoiceyp6@mail.ru,Female,Indonesia,19/01/2020,Fish
908,Liuka,Stoaks,lstoaksp7@state.tx.us,Female,Vietnam,27/01/2016,Fish
909,Merrilee,Torrijos,mtorrijosp8@jalbum.net,Female,Venezuela,02/08/2001,Fish
910,Rena,Ferencz,rferenczp9@mayoclinic.com,Female,China,09/02/1991,Fish
911,Rowney,Croxall,rcroxallpa@ucoz.ru,Male,Cuba,10/01/2004,Fish
912,Jefferey,Peschka,jpeschkapb@vk.com,Male,Indonesia,01/06/2017,Fish
913,Eyde,Bickerstasse,ebickerstassepc@aboutads.info,Female,Indonesia,09/10/2020,Fish
914,Jehu,Vivash,jvivashpd@typepad.com,Male,China,23/04/2003,Fish
915,Hilly,Semper,hsemperpe@opera.com,Male,Czech Republic,07/12/2003,Fish
916,Brock,Dearlove,bdearlovepf@marketwatch.com,Male,China,16/06/2004,Fish
917,Davin,Cavanaugh,dcavanaughpg@discovery.com,Male,Cuba,22/07/1990,Fish
918,Cindy,Talbot,ctalbotph@narod.ru,Female,Japan,05/11/2019,Fish
919,Ellie,Skewes,eskewespi@twitpic.com,Female,Brazil,04/06/2007,Fish
920,Lissi,Book,lbookpj@studiopress.com,Female,Thailand,28/07/2021,Fish
921,Joey,Stearn,jstearnpk@msu.edu,Female,China,06/06/2008,Fish
922,Robbert,Pleven,rplevenpl@stumbleupon.com,Male,China,12/02/2016,Fish
923,Mickey,Astridge,mastridgepm@berkeley.edu,Male,Indonesia,15/06/1996,Fish
924,Cam,Welbourn,cwelbournpn@diigo.com,Female,South Africa,03/03/1993,Fish
925,Gayleen,De Souza,gdesouzapo@bloglines.com,Non-binary,Portugal,10/04/1998,Fish
926,Sibelle,Beautyman,sbeautymanpp@nydailynews.com,Genderqueer,Taiwan,10/02/1993,Fish
927,Ambrosio,Morit,amoritpq@tamu.edu,Male,China,22/09/2011,Fish
928,Elvis,Hollows,ehollowspr@sina.com.cn,Male,Indonesia,17/07/2017,Fish
929,Alicia,Stirling,astirlingps@techcrunch.com,Non-binary,Brazil,07/10/2014,Fish
930,Carlita,Meiningen,cmeiningenpt@shareasale.com,Female,China,07/08/2018,Fish
931,Jessamyn,Goodnow,jgoodnowpu@domainmarket.com,Female,China,08/04/2017,Fish
932,Romonda,Daudray,rdaudraypv@about.me,Female,Macao,11/11/1998,Fish
933,Odille,Gault,ogaultpw@google.es,Polygender,Russia,29/08/1992,Fish
934,Laurella,Cleland,lclelandpx@tinypic.com,Female,China,06/12/1992,Fish
935,Leda,Olivet,lolivetpy@businesswire.com,Female,Indonesia,28/08/2020,Fish
936,Che,Papis,cpapispz@yellowbook.com,Male,Czech Republic,14/06/2008,Fish
937,Felicle,Few,ffewq0@nbcnews.com,Bigender,China,23/09/2007,Fish
938,Aron,Sedge,asedgeq1@facebook.com,Male,China,27/01/2009,Fish
939,Renata,O'Fallon,rofallonq2@wp.com,Female,China,26/08/2014,Fish
940,Tressa,Battye,tbattyeq3@mlb.com,Female,Argentina,20/11/1994,Fish
941,Nathanil,Monteith,nmonteithq4@vimeo.com,Male,Indonesia,28/04/1993,Fish
942,Codee,Prestidge,cprestidgeq5@feedburner.com,Female,Vietnam,02/01/2011,Fish
943,Powell,Aspole,paspoleq6@stanford.edu,Bigender,Nigeria,02/09/2010,Fish
944,Evey,Shale,eshaleq7@wufoo.com,Polygender,Iran,23/10/2018,Fish
945,Cassie,Spaven,cspavenq8@etsy.com,Female,China,30/09/2010,Fish
946,Mirella,Coots,mcootsq9@instagram.com,Female,Bulgaria,06/08/2010,Fish
947,Welsh,Edleston,wedlestonqa@census.gov,Male,Bangladesh,20/09/2002,Fish
948,Maryl,Branford,mbranfordqb@freewebs.com,Female,China,26/10/2017,Fish
949,Charley,Millis,cmillisqc@google.com.hk,Male,China,28/10/2013,Fish
950,Joanne,Wolverson,jwolversonqd@globo.com,Female,Guatemala,16/07/2010,Fish
951,Caria,Horsefield,chorsefieldqe@disqus.com,Female,Spain,18/02/2001,Fish
952,Woody,Caffrey,wcaffreyqf@dailymotion.com,Male,Russia,17/09/2021,Fish
953,Myrwyn,Cuerdall,mcuerdallqg@wordpress.org,Male,Poland,26/05/2021,Fish
954,William,O' Sullivan,wosullivanqh@buzzfeed.com,Male,China,27/06/2001,Fish
955,Wayland,Bourton,wbourtonqi@goo.gl,Male,Russia,03/09/1998,Fish
956,Baxy,Aleksashin,baleksashinqj@blinklist.com,Male,Greece,17/11/2006,Fish
957,Faunie,Sheering,fsheeringqk@hostgator.com,Female,Portugal,12/09/2013,Fish
958,Nellie,Haslum,nhaslumql@amazon.com,Female,Greece,27/09/2005,Fish
959,Nathalia,Raddin,nraddinqm@mtv.com,Female,Indonesia,06/12/2014,Fish
960,Conchita,Birt,cbirtqn@amazon.com,Female,Sweden,16/12/2016,Fish
961,Anthia,O'Skehan,aoskehanqo@naver.com,Female,China,20/01/1993,Fish
962,Dotti,Marsie,dmarsieqp@shinystat.com,Female,Brazil,26/06/1994,Fish
963,Eolanda,Kiossel,ekiosselqq@bloomberg.com,Female,Philippines,30/07/2014,Fish
964,Luci,Havis,lhavisqr@stanford.edu,Female,China,19/12/2016,Fish
965,Claudie,Canto,ccantoqs@si.edu,Female,Uzbekistan,30/08/2002,Fish
966,Davin,Rapley,drapleyqt@walmart.com,Male,Ivory Coast,16/09/1992,Fish
967,Hartwell,Keigher,hkeigherqu@ask.com,Male,Brazil,12/07/2020,Fish
968,Arlen,Vispo,avispoqv@csmonitor.com,Bigender,Madagascar,11/10/2016,Fish
969,Giffie,Picardo,gpicardoqw@yelp.com,Male,France,01/07/1996,Fish
970,Payton,Ledur,pledurqx@drupal.org,Male,Bolivia,24/02/1996,Fish
971,Ketti,Merricks,kmerricksqy@weibo.com,Female,Brazil,17/11/2014,Fish
972,Maddy,Kiehne,mkiehneqz@csmonitor.com,Female,Brazil,28/11/1995,Fish
973,Broddy,Corkel,bcorkelr0@psu.edu,Male,China,06/01/1999,Fish
974,Guglielma,Cropper,gcropperr1@csmonitor.com,Female,Philippines,03/03/2017,Fish
975,Ulrich,Dursley,udursleyr2@ezinearticles.com,Male,Morocco,10/12/1993,Fish
976,Paco,Bowcock,pbowcockr3@gravatar.com,Male,France,19/01/1996,Fish
977,Bernette,Greste,bgrester4@posterous.com,Female,Indonesia,12/06/2012,Fish
978,Evin,Kuschke,ekuschker5@weebly.com,Male,Indonesia,11/09/2016,Fish
979,Torie,Comben,tcombenr6@tmall.com,Polygender,Indonesia,13/05/1991,Fish
980,Myrtie,Canning,mcanningr7@netlog.com,Female,China,04/09/2000,Fish
981,Odessa,Johncey,ojohnceyr8@networkadvertising.org,Female,Croatia,18/09/1999,Fish
982,Tanitansy,Drakeford,tdrakefordr9@ox.ac.uk,Female,China,07/07/2001,Fish
983,Queenie,Pieracci,qpieraccira@reuters.com,Female,Peru,10/06/1993,Fish
984,Ervin,Casbon,ecasbonrb@vinaora.com,Male,Brazil,04/04/2008,Fish
985,Mendy,Bourthouloume,mbourthouloumerc@marketwatch.com,Male,Indonesia,28/07/1995,Fish
986,Martica,Halvosen,mhalvosenrd@hhs.gov,Female,Angola,29/12/2004,Fish
987,Antonietta,Taaffe,ataaffere@aboutads.info,Female,Russia,30/09/2003,Fish
988,Kim,Lapworth,klapworthrf@amazon.co.uk,Male,Portugal,31/12/2009,Fish
989,Dave,Milmoe,dmilmoerg@biglobe.ne.jp,Genderfluid,Russia,03/10/2003,Fish
990,Marcellus,Zottoli,mzottolirh@state.gov,Male,China,17/04/2011,Fish
991,Bernette,Desvignes,bdesvignesri@tumblr.com,Female,Poland,15/04/2015,Fish
992,Adey,Jermyn,ajermynrj@homestead.com,Female,China,30/05/1997,Fish
993,Joe,Gwillyam,jgwillyamrk@lulu.com,Genderfluid,Russia,27/01/2017,Fish
994,Patricio,Davidovic,pdavidovicrl@moonfruit.com,Male,Albania,18/07/2006,Fish
995,Arleen,Pontain,apontainrm@auda.org.au,Genderfluid,Malaysia,03/03/1996,Fish
996,Jenni,Doberer,jdobererrn@surveymonkey.com,Female,Portugal,06/11/2021,Fish
997,Eveleen,Buncher,ebuncherro@reuters.com,Female,China,23/09/2013,Fish
998,Waldemar,Oslar,woslarrp@gov.uk,Male,Russia,30/08/2021,Fish
999,Mikaela,Morrel,mmorrelrq@intel.com,Female,France,16/02/2003,Fish
1000,Pryce,Petrik,ppetrikrr@spotify.com,Male,Portugal,09/10/2021,Fish
